Workbook

Sheet Economic Hierarchy Scores w HHI
A1: US | B1: Armenia | C1: Austria | D1: Azerbaijan | E1: Belarus | F1: Belgium | G1: Bulgaria | H1: Croatia | I1: Cyprus | J1: Czech | K1: Denmark | L1: Estonia | M1: Finland | N1: France | O1: Georgia | P1: Germany | Q1: Greece | R1: Hungary | S1: Ireland | T1: Italy | U1: Kazakhstan | V1: Kyrgyzstan | W1: latvia | X1: Lithuania | Y1: Luxembourg | Z1: Malta | AA1: Moldova | AB1: Netherlands | AC1: Poland | AD1: Portugal | AE1: Romania | AF1: Slovakia | AG1: Slovenia | AH1: Spain | AI1: Sweden | AJ1: Tajikistan | AK1: Turkmenistan | AL1: UK | AM1: Ukraine | AN1: Uzbekistan
A2: 1991
A3: 1992
A4: 1993
A5: 1994
A6: 1995
A7: 1996
A8: 1997
A9: 1998
A10: 1999
A11: 2000 | B11: ='Import HHI Hierarchy Scores'!B11*0.25+'Export HHI Hierarchy Scores'!B11*0.25+'Import Dependence'!B11*0.25+'Export Dependence'!B11*0.25 -> 0.06425 | C11: ='Import HHI Hierarchy Scores'!C11*0.25+'Export HHI Hierarchy Scores'!C11*0.25+'Import Dependence'!C11*0.25+'Export Dependence'!C11*0.25 -> 0.14768515 | D11: ='Import HHI Hierarchy Scores'!D11*0.25+'Export HHI Hierarchy Scores'!D11*0.25+'Import Dependence'!D11*0.25+'Export Dependence'!D11*0.25 -> 0.04445 | E11: ='Import HHI Hierarchy Scores'!E11*0.25+'Export HHI Hierarchy Scores'!E11*0.25+'Import Dependence'!E11*0.25+'Export Dependence'!E11*0.25 -> 0.507675 | F11: ='Import HHI Hierarchy Scores'!F11*0.25+'Export HHI Hierarchy Scores'!F11*0.25+'Import Dependence'!F11*0.25+'Export Dependence'!F11*0.25 -> 0.028582874 | G11: ='Import HHI Hierarchy Scores'!G11*0.25+'Export HHI Hierarchy Scores'!G11*0.25+'Import Dependence'!G11*0.25+'Export Dependence'!G11*0.25 -> 0.015448358 | H11: ='Import HHI Hierarchy Scores'!H11*0.25+'Export HHI Hierarchy Scores'!H11*0.25+'Import Dependence'!H11*0.25+'Export Dependence'!H11*0.25 -> 0.0070494003 | I11: ='Import HHI Hierarchy Scores'!I11*0.25+'Export HHI Hierarchy Scores'!I11*0.25+'Import Dependence'!I11*0.25+'Export Dependence'!I11*0.25 -> 0.041016785 | ... AN11: ='Import HHI Hierarchy Scores'!AN11*0.25+'Export HHI Hierarchy Scores'!AN11*0.25+'Import Dependence'!AN11*0.25+'Export Dependence'!AN11*0.25 -> 0.024825
A12: 2001 | B12: ='Import HHI Hierarchy Scores'!B12*0.25+'Export HHI Hierarchy Scores'!B12*0.25+'Import Dependence'!B12*0.25+'Export Dependence'!B12*0.25 -> 0.067475 | C12: ='Import HHI Hierarchy Scores'!C12*0.25+'Export HHI Hierarchy Scores'!C12*0.25+'Import Dependence'!C12*0.25+'Export Dependence'!C12*0.25 -> 0.14746781 | D12: ='Import HHI Hierarchy Scores'!D12*0.25+'Export HHI Hierarchy Scores'!D12*0.25+'Import Dependence'!D12*0.25+'Export Dependence'!D12*0.25 -> 0.16045 | E12: ='Import HHI Hierarchy Scores'!E12*0.25+'Export HHI Hierarchy Scores'!E12*0.25+'Import Dependence'!E12*0.25+'Export Dependence'!E12*0.25 -> 0.5073 | F12: ='Import HHI Hierarchy Scores'!F12*0.25+'Export HHI Hierarchy Scores'!F12*0.25+'Import Dependence'!F12*0.25+'Export Dependence'!F12*0.25 -> 0.031438852 | G12: ='Import HHI Hierarchy Scores'!G12*0.25+'Export HHI Hierarchy Scores'!G12*0.25+'Import Dependence'!G12*0.25+'Export Dependence'!G12*0.25 -> 0.013896119 | H12: ='Import HHI Hierarchy Scores'!H12*0.25+'Export HHI Hierarchy Scores'!H12*0.25+'Import Dependence'!H12*0.25+'Export Dependence'!H12*0.25 -> 0.007117909 | I12: ='Import HHI Hierarchy Scores'!I12*0.25+'Export HHI Hierarchy Scores'!I12*0.25+'Import Dependence'!I12*0.25+'Export Dependence'!I12*0.25 -> 0.04527698 | ... AN12: ='Import HHI Hierarchy Scores'!AN12*0.25+'Export HHI Hierarchy Scores'!AN12*0.25+'Import Dependence'!AN12*0.25+'Export Dependence'!AN12*0.25 -> 0.023
A13: 2002 | B13: ='Import HHI Hierarchy Scores'!B13*0.25+'Export HHI Hierarchy Scores'!B13*0.25+'Import Dependence'!B13*0.25+'Export Dependence'!B13*0.25 -> 0.054675 | C13: ='Import HHI Hierarchy Scores'!C13*0.25+'Export HHI Hierarchy Scores'!C13*0.25+'Import Dependence'!C13*0.25+'Export Dependence'!C13*0.25 -> 0.14620651 | D13: ='Import HHI Hierarchy Scores'!D13*0.25+'Export HHI Hierarchy Scores'!D13*0.25+'Import Dependence'!D13*0.25+'Export Dependence'!D13*0.25 -> 0.01885 | E13: ='Import HHI Hierarchy Scores'!E13*0.25+'Export HHI Hierarchy Scores'!E13*0.25+'Import Dependence'!E13*0.25+'Export Dependence'!E13*0.25 -> 0.381225 | F13: ='Import HHI Hierarchy Scores'!F13*0.25+'Export HHI Hierarchy Scores'!F13*0.25+'Import Dependence'!F13*0.25+'Export Dependence'!F13*0.25 -> 0.028234743 | G13: ='Import HHI Hierarchy Scores'!G13*0.25+'Export HHI Hierarchy Scores'!G13*0.25+'Import Dependence'!G13*0.25+'Export Dependence'!G13*0.25 -> 0.014100306 | H13: ='Import HHI Hierarchy Scores'!H13*0.25+'Export HHI Hierarchy Scores'!H13*0.25+'Import Dependence'!H13*0.25+'Export Dependence'!H13*0.25 -> 0.0071346889 | I13: ='Import HHI Hierarchy Scores'!I13*0.25+'Export HHI Hierarchy Scores'!I13*0.25+'Import Dependence'!I13*0.25+'Export Dependence'!I13*0.25 -> 0.035646819 | ... AN13: ='Import HHI Hierarchy Scores'!AN13*0.25+'Export HHI Hierarchy Scores'!AN13*0.25+'Import Dependence'!AN13*0.25+'Export Dependence'!AN13*0.25 -> 0.029975
A14: 2003 | B14: ='Import HHI Hierarchy Scores'!B14*0.25+'Export HHI Hierarchy Scores'!B14*0.25+'Import Dependence'!B14*0.25+'Export Dependence'!B14*0.25 -> 0.047575 | C14: ='Import HHI Hierarchy Scores'!C14*0.25+'Export HHI Hierarchy Scores'!C14*0.25+'Import Dependence'!C14*0.25+'Export Dependence'!C14*0.25 -> 0.14282344 | D14: ='Import HHI Hierarchy Scores'!D14*0.25+'Export HHI Hierarchy Scores'!D14*0.25+'Import Dependence'!D14*0.25+'Export Dependence'!D14*0.25 -> 0.01915 | E14: ='Import HHI Hierarchy Scores'!E14*0.25+'Export HHI Hierarchy Scores'!E14*0.25+'Import Dependence'!E14*0.25+'Export Dependence'!E14*0.25 -> 0.385225 | F14: ='Import HHI Hierarchy Scores'!F14*0.25+'Export HHI Hierarchy Scores'!F14*0.25+'Import Dependence'!F14*0.25+'Export Dependence'!F14*0.25 -> 0.026056031 | G14: ='Import HHI Hierarchy Scores'!G14*0.25+'Export HHI Hierarchy Scores'!G14*0.25+'Import Dependence'!G14*0.25+'Export Dependence'!G14*0.25 -> 0.013538742 | H14: ='Import HHI Hierarchy Scores'!H14*0.25+'Export HHI Hierarchy Scores'!H14*0.25+'Import Dependence'!H14*0.25+'Export Dependence'!H14*0.25 -> 0.0061203877 | I14: ='Import HHI Hierarchy Scores'!I14*0.25+'Export HHI Hierarchy Scores'!I14*0.25+'Import Dependence'!I14*0.25+'Export Dependence'!I14*0.25 -> 0.03413473 | ... AN14: ='Import HHI Hierarchy Scores'!AN14*0.25+'Export HHI Hierarchy Scores'!AN14*0.25+'Import Dependence'!AN14*0.25+'Export Dependence'!AN14*0.25 -> 0.036025
A15: 2004 | B15: ='Import HHI Hierarchy Scores'!B15*0.25+'Export HHI Hierarchy Scores'!B15*0.25+'Import Dependence'!B15*0.25+'Export Dependence'!B15*0.25 -> 0.043475 | C15: ='Import HHI Hierarchy Scores'!C15*0.25+'Export HHI Hierarchy Scores'!C15*0.25+'Import Dependence'!C15*0.25+'Export Dependence'!C15*0.25 -> 0.14474386 | D15: ='Import HHI Hierarchy Scores'!D15*0.25+'Export HHI Hierarchy Scores'!D15*0.25+'Import Dependence'!D15*0.25+'Export Dependence'!D15*0.25 -> 0.013 | E15: ='Import HHI Hierarchy Scores'!E15*0.25+'Export HHI Hierarchy Scores'!E15*0.25+'Import Dependence'!E15*0.25+'Export Dependence'!E15*0.25 -> 0.381625 | F15: ='Import HHI Hierarchy Scores'!F15*0.25+'Export HHI Hierarchy Scores'!F15*0.25+'Import Dependence'!F15*0.25+'Export Dependence'!F15*0.25 -> 0.025559035 | G15: ='Import HHI Hierarchy Scores'!G15*0.25+'Export HHI Hierarchy Scores'!G15*0.25+'Import Dependence'!G15*0.25+'Export Dependence'!G15*0.25 -> 0.0098440339 | H15: ='Import HHI Hierarchy Scores'!H15*0.25+'Export HHI Hierarchy Scores'!H15*0.25+'Import Dependence'!H15*0.25+'Export Dependence'!H15*0.25 -> 0.0056950901 | I15: ='Import HHI Hierarchy Scores'!I15*0.25+'Export HHI Hierarchy Scores'!I15*0.25+'Import Dependence'!I15*0.25+'Export Dependence'!I15*0.25 -> 0.028256981 | ... AN15: ='Import HHI Hierarchy Scores'!AN15*0.25+'Export HHI Hierarchy Scores'!AN15*0.25+'Import Dependence'!AN15*0.25+'Export Dependence'!AN15*0.25 -> 0.02495
A16: 2005 | B16: ='Import HHI Hierarchy Scores'!B16*0.25+'Export HHI Hierarchy Scores'!B16*0.25+'Import Dependence'!B16*0.25+'Export Dependence'!B16*0.25 -> 0.030225 | C16: ='Import HHI Hierarchy Scores'!C16*0.25+'Export HHI Hierarchy Scores'!C16*0.25+'Import Dependence'!C16*0.25+'Export Dependence'!C16*0.25 -> 0.14514751 | D16: ='Import HHI Hierarchy Scores'!D16*0.25+'Export HHI Hierarchy Scores'!D16*0.25+'Import Dependence'!D16*0.25+'Export Dependence'!D16*0.25 -> 0.0103 | E16: ='Import HHI Hierarchy Scores'!E16*0.25+'Export HHI Hierarchy Scores'!E16*0.25+'Import Dependence'!E16*0.25+'Export Dependence'!E16*0.25 -> 0.382525 | F16: ='Import HHI Hierarchy Scores'!F16*0.25+'Export HHI Hierarchy Scores'!F16*0.25+'Import Dependence'!F16*0.25+'Export Dependence'!F16*0.25 -> 0.021142696 | G16: ='Import HHI Hierarchy Scores'!G16*0.25+'Export HHI Hierarchy Scores'!G16*0.25+'Import Dependence'!G16*0.25+'Export Dependence'!G16*0.25 -> 0.011053457 | H16: ='Import HHI Hierarchy Scores'!H16*0.25+'Export HHI Hierarchy Scores'!H16*0.25+'Import Dependence'!H16*0.25+'Export Dependence'!H16*0.25 -> 0.0066617032 | I16: ='Import HHI Hierarchy Scores'!I16*0.25+'Export HHI Hierarchy Scores'!I16*0.25+'Import Dependence'!I16*0.25+'Export Dependence'!I16*0.25 -> 0.02592237 | ... AN16: ='Import HHI Hierarchy Scores'!AN16*0.25+'Export HHI Hierarchy Scores'!AN16*0.25+'Import Dependence'!AN16*0.25+'Export Dependence'!AN16*0.25 -> 0.010075
A17: 2006 | B17: ='Import HHI Hierarchy Scores'!B17*0.25+'Export HHI Hierarchy Scores'!B17*0.25+'Import Dependence'!B17*0.25+'Export Dependence'!B17*0.25 -> 0.026275 | C17: ='Import HHI Hierarchy Scores'!C17*0.25+'Export HHI Hierarchy Scores'!C17*0.25+'Import Dependence'!C17*0.25+'Export Dependence'!C17*0.25 -> 0.1451239 | D17: ='Import HHI Hierarchy Scores'!D17*0.25+'Export HHI Hierarchy Scores'!D17*0.25+'Import Dependence'!D17*0.25+'Export Dependence'!D17*0.25 -> 0.020175 | E17: ='Import HHI Hierarchy Scores'!E17*0.25+'Export HHI Hierarchy Scores'!E17*0.25+'Import Dependence'!E17*0.25+'Export Dependence'!E17*0.25 -> 0.3846 | F17: ='Import HHI Hierarchy Scores'!F17*0.25+'Export HHI Hierarchy Scores'!F17*0.25+'Import Dependence'!F17*0.25+'Export Dependence'!F17*0.25 -> 0.020921146 | G17: ='Import HHI Hierarchy Scores'!G17*0.25+'Export HHI Hierarchy Scores'!G17*0.25+'Import Dependence'!G17*0.25+'Export Dependence'!G17*0.25 -> 0.0078858389 | H17: ='Import HHI Hierarchy Scores'!H17*0.25+'Export HHI Hierarchy Scores'!H17*0.25+'Import Dependence'!H17*0.25+'Export Dependence'!H17*0.25 -> 0.0057497722 | I17: ='Import HHI Hierarchy Scores'!I17*0.25+'Export HHI Hierarchy Scores'!I17*0.25+'Import Dependence'!I17*0.25+'Export Dependence'!I17*0.25 -> 0.025373589 | ... AN17: ='Import HHI Hierarchy Scores'!AN17*0.25+'Export HHI Hierarchy Scores'!AN17*0.25+'Import Dependence'!AN17*0.25+'Export Dependence'!AN17*0.25 -> 0.0101
A18: 2007 | B18: ='Import HHI Hierarchy Scores'!B18*0.25+'Export HHI Hierarchy Scores'!B18*0.25+'Import Dependence'!B18*0.25+'Export Dependence'!B18*0.25 -> 0.019975 | C18: ='Import HHI Hierarchy Scores'!C18*0.25+'Export HHI Hierarchy Scores'!C18*0.25+'Import Dependence'!C18*0.25+'Export Dependence'!C18*0.25 -> 0.14283274 | D18: ='Import HHI Hierarchy Scores'!D18*0.25+'Export HHI Hierarchy Scores'!D18*0.25+'Import Dependence'!D18*0.25+'Export Dependence'!D18*0.25 -> 0.02765 | E18: ='Import HHI Hierarchy Scores'!E18*0.25+'Export HHI Hierarchy Scores'!E18*0.25+'Import Dependence'!E18*0.25+'Export Dependence'!E18*0.25 -> 0.381825 | F18: ='Import HHI Hierarchy Scores'!F18*0.25+'Export HHI Hierarchy Scores'!F18*0.25+'Import Dependence'!F18*0.25+'Export Dependence'!F18*0.25 -> 0.019725861 | G18: ='Import HHI Hierarchy Scores'!G18*0.25+'Export HHI Hierarchy Scores'!G18*0.25+'Import Dependence'!G18*0.25+'Export Dependence'!G18*0.25 -> 0.0042706141 | H18: ='Import HHI Hierarchy Scores'!H18*0.25+'Export HHI Hierarchy Scores'!H18*0.25+'Import Dependence'!H18*0.25+'Export Dependence'!H18*0.25 -> 0.0048329646 | I18: ='Import HHI Hierarchy Scores'!I18*0.25+'Export HHI Hierarchy Scores'!I18*0.25+'Import Dependence'!I18*0.25+'Export Dependence'!I18*0.25 -> 0.021975793 | ... AN18: ='Import HHI Hierarchy Scores'!AN18*0.25+'Export HHI Hierarchy Scores'!AN18*0.25+'Import Dependence'!AN18*0.25+'Export Dependence'!AN18*0.25 -> 0.0088
A19: 2008 | B19: ='Import HHI Hierarchy Scores'!B19*0.25+'Export HHI Hierarchy Scores'!B19*0.25+'Import Dependence'!B19*0.25+'Export Dependence'!B19*0.25 -> 0.022875 | C19: ='Import HHI Hierarchy Scores'!C19*0.25+'Export HHI Hierarchy Scores'!C19*0.25+'Import Dependence'!C19*0.25+'Export Dependence'!C19*0.25 -> 0.14020789 | D19: ='Import HHI Hierarchy Scores'!D19*0.25+'Export HHI Hierarchy Scores'!D19*0.25+'Import Dependence'!D19*0.25+'Export Dependence'!D19*0.25 -> 0.0427 | E19: ='Import HHI Hierarchy Scores'!E19*0.25+'Export HHI Hierarchy Scores'!E19*0.25+'Import Dependence'!E19*0.25+'Export Dependence'!E19*0.25 -> 0.253975 | F19: ='Import HHI Hierarchy Scores'!F19*0.25+'Export HHI Hierarchy Scores'!F19*0.25+'Import Dependence'!F19*0.25+'Export Dependence'!F19*0.25 -> 0.017769448 | G19: ='Import HHI Hierarchy Scores'!G19*0.25+'Export HHI Hierarchy Scores'!G19*0.25+'Import Dependence'!G19*0.25+'Export Dependence'!G19*0.25 -> 0.0044138318 | H19: ='Import HHI Hierarchy Scores'!H19*0.25+'Export HHI Hierarchy Scores'!H19*0.25+'Import Dependence'!H19*0.25+'Export Dependence'!H19*0.25 -> 0.0044278498 | I19: ='Import HHI Hierarchy Scores'!I19*0.25+'Export HHI Hierarchy Scores'!I19*0.25+'Import Dependence'!I19*0.25+'Export Dependence'!I19*0.25 -> 0.022348705 | ... AN19: ='Import HHI Hierarchy Scores'!AN19*0.25+'Export HHI Hierarchy Scores'!AN19*0.25+'Import Dependence'!AN19*0.25+'Export Dependence'!AN19*0.25 -> 0.017075
A20: 2009 | B20: ='Import HHI Hierarchy Scores'!B20*0.25+'Export HHI Hierarchy Scores'!B20*0.25+'Import Dependence'!B20*0.25+'Export Dependence'!B20*0.25 -> 0.03215 | C20: ='Import HHI Hierarchy Scores'!C20*0.25+'Export HHI Hierarchy Scores'!C20*0.25+'Import Dependence'!C20*0.25+'Export Dependence'!C20*0.25 -> 0.13903565 | D20: ='Import HHI Hierarchy Scores'!D20*0.25+'Export HHI Hierarchy Scores'!D20*0.25+'Import Dependence'!D20*0.25+'Export Dependence'!D20*0.25 -> 0.034175 | E20: ='Import HHI Hierarchy Scores'!E20*0.25+'Export HHI Hierarchy Scores'!E20*0.25+'Import Dependence'!E20*0.25+'Export Dependence'!E20*0.25 -> 0.253825 | F20: ='Import HHI Hierarchy Scores'!F20*0.25+'Export HHI Hierarchy Scores'!F20*0.25+'Import Dependence'!F20*0.25+'Export Dependence'!F20*0.25 -> 0.01867578 | G20: ='Import HHI Hierarchy Scores'!G20*0.25+'Export HHI Hierarchy Scores'!G20*0.25+'Import Dependence'!G20*0.25+'Export Dependence'!G20*0.25 -> 0.0057310178 | H20: ='Import HHI Hierarchy Scores'!H20*0.25+'Export HHI Hierarchy Scores'!H20*0.25+'Import Dependence'!H20*0.25+'Export Dependence'!H20*0.25 -> 0.0040011789 | I20: ='Import HHI Hierarchy Scores'!I20*0.25+'Export HHI Hierarchy Scores'!I20*0.25+'Import Dependence'!I20*0.25+'Export Dependence'!I20*0.25 -> 0.020685579 | ... AN20: ='Import HHI Hierarchy Scores'!AN20*0.25+'Export HHI Hierarchy Scores'!AN20*0.25+'Import Dependence'!AN20*0.25+'Export Dependence'!AN20*0.25 -> 0.130925
A21: 2010 | B21: ='Import HHI Hierarchy Scores'!B21*0.25+'Export HHI Hierarchy Scores'!B21*0.25+'Import Dependence'!B21*0.25+'Export Dependence'!B21*0.25 -> 0.029875 | C21: ='Import HHI Hierarchy Scores'!C21*0.25+'Export HHI Hierarchy Scores'!C21*0.25+'Import Dependence'!C21*0.25+'Export Dependence'!C21*0.25 -> 0.14001509 | D21: ='Import HHI Hierarchy Scores'!D21*0.25+'Export HHI Hierarchy Scores'!D21*0.25+'Import Dependence'!D21*0.25+'Export Dependence'!D21*0.25 -> 0.0227 | E21: ='Import HHI Hierarchy Scores'!E21*0.25+'Export HHI Hierarchy Scores'!E21*0.25+'Import Dependence'!E21*0.25+'Export Dependence'!E21*0.25 -> 0.379 | F21: ='Import HHI Hierarchy Scores'!F21*0.25+'Export HHI Hierarchy Scores'!F21*0.25+'Import Dependence'!F21*0.25+'Export Dependence'!F21*0.25 -> 0.017843281 | G21: ='Import HHI Hierarchy Scores'!G21*0.25+'Export HHI Hierarchy Scores'!G21*0.25+'Import Dependence'!G21*0.25+'Export Dependence'!G21*0.25 -> 0.0047988014 | H21: ='Import HHI Hierarchy Scores'!H21*0.25+'Export HHI Hierarchy Scores'!H21*0.25+'Import Dependence'!H21*0.25+'Export Dependence'!H21*0.25 -> 0.0043696866 | I21: ='Import HHI Hierarchy Scores'!I21*0.25+'Export HHI Hierarchy Scores'!I21*0.25+'Import Dependence'!I21*0.25+'Export Dependence'!I21*0.25 -> 0.020426068 | ... AN21: ='Import HHI Hierarchy Scores'!AN21*0.25+'Export HHI Hierarchy Scores'!AN21*0.25+'Import Dependence'!AN21*0.25+'Export Dependence'!AN21*0.25 -> 0.004725
A22: 2011 | B22: ='Import HHI Hierarchy Scores'!B22*0.25+'Export HHI Hierarchy Scores'!B22*0.25+'Import Dependence'!B22*0.25+'Export Dependence'!B22*0.25 -> 0.027225 | C22: ='Import HHI Hierarchy Scores'!C22*0.25+'Export HHI Hierarchy Scores'!C22*0.25+'Import Dependence'!C22*0.25+'Export Dependence'!C22*0.25 -> 0.14149537 | D22: ='Import HHI Hierarchy Scores'!D22*0.25+'Export HHI Hierarchy Scores'!D22*0.25+'Import Dependence'!D22*0.25+'Export Dependence'!D22*0.25 -> 0.030275 | E22: ='Import HHI Hierarchy Scores'!E22*0.25+'Export HHI Hierarchy Scores'!E22*0.25+'Import Dependence'!E22*0.25+'Export Dependence'!E22*0.25 -> 0.253825 | F22: ='Import HHI Hierarchy Scores'!F22*0.25+'Export HHI Hierarchy Scores'!F22*0.25+'Import Dependence'!F22*0.25+'Export Dependence'!F22*0.25 -> 0.017621335 | G22: ='Import HHI Hierarchy Scores'!G22*0.25+'Export HHI Hierarchy Scores'!G22*0.25+'Import Dependence'!G22*0.25+'Export Dependence'!G22*0.25 -> 0.0055064844 | H22: ='Import HHI Hierarchy Scores'!H22*0.25+'Export HHI Hierarchy Scores'!H22*0.25+'Import Dependence'!H22*0.25+'Export Dependence'!H22*0.25 -> 0.0048497859 | I22: ='Import HHI Hierarchy Scores'!I22*0.25+'Export HHI Hierarchy Scores'!I22*0.25+'Import Dependence'!I22*0.25+'Export Dependence'!I22*0.25 -> 0.023078979 | ... AN22: ='Import HHI Hierarchy Scores'!AN22*0.25+'Export HHI Hierarchy Scores'!AN22*0.25+'Import Dependence'!AN22*0.25+'Export Dependence'!AN22*0.25 -> 0.0035
... A28: 2017 | B28: ='Import HHI Hierarchy Scores'!B28*0.25+'Export HHI Hierarchy Scores'!B28*0.25+'Import Dependence'!B28*0.25+'Export Dependence'!B28*0.25 -> 0.014025 | C28: ='Import HHI Hierarchy Scores'!C28*0.25+'Export HHI Hierarchy Scores'!C28*0.25+'Import Dependence'!C28*0.25+'Export Dependence'!C28*0.25 -> 0.14695477 | D28: ='Import HHI Hierarchy Scores'!D28*0.25+'Export HHI Hierarchy Scores'!D28*0.25+'Import Dependence'!D28*0.25+'Export Dependence'!D28*0.25 -> 0.010125 | E28: ='Import HHI Hierarchy Scores'!E28*0.25+'Export HHI Hierarchy Scores'!E28*0.25+'Import Dependence'!E28*0.25+'Export Dependence'!E28*0.25 -> 0.37975 | F28: ='Import HHI Hierarchy Scores'!F28*0.25+'Export HHI Hierarchy Scores'!F28*0.25+'Import Dependence'!F28*0.25+'Export Dependence'!F28*0.25 -> 0.021348081 | G28: ='Import HHI Hierarchy Scores'!G28*0.25+'Export HHI Hierarchy Scores'!G28*0.25+'Import Dependence'!G28*0.25+'Export Dependence'!G28*0.25 -> 0.0057348463 | H28: ='Import HHI Hierarchy Scores'!H28*0.25+'Export HHI Hierarchy Scores'!H28*0.25+'Import Dependence'!H28*0.25+'Export Dependence'!H28*0.25 -> 0.0051460762 | I28: ='Import HHI Hierarchy Scores'!I28*0.25+'Export HHI Hierarchy Scores'!I28*0.25+'Import Dependence'!I28*0.25+'Export Dependence'!I28*0.25 -> 0.024367703 | ... AN28: ='Import HHI Hierarchy Scores'!AN28*0.25+'Export HHI Hierarchy Scores'!AN28*0.25+'Import Dependence'!AN28*0.25+'Export Dependence'!AN28*0.25 -> 0.25115
A31: Russia | B31: Armenia | C31: Austria | D31: Azerbaijan | E31: Belarus | F31: Belgium | G31: Bulgaria | H31: Croatia | I31: Cyprus | J31: Czech | K31: Denmark | L31: Estonia | M31: Finland | N31: France | O31: Georgia | P31: Germany | Q31: Greece | R31: Hungary | S31: Ireland | T31: Italy | U31: Kazakhstan | V31: Kyrgyzstan | W31: latvia | X31: Lithuania | Y31: Luxembourg | Z31: Malta | AA31: Moldova | AB31: Netherlands | AC31: Poland | AD31: Portugal | AE31: Romania | AF31: Slovakia | AG31: Slovenia | AH31: Spain | AI31: Sweden | AJ31: Tajikistan | AK31: Turkmenistan | AL31: UK | AM31: Ukraine | AN31: Uzbekistan
A32: 1991
A33: 1992
A34: 1993
A35: 1994
A36: 1995
A37: 1996
A38: 1997
A39: 1998
A40: 1999
A41: 2000 | B41: ='Import HHI Hierarchy Scores'!B11*0.25+'Export HHI Hierarchy Scores'!B11*0.25+'Import Dependence'!B41*0.25+'Export Dependence'!B41*0.25 -> 0.068925 | C41: ='Import HHI Hierarchy Scores'!C11*0.25+'Export HHI Hierarchy Scores'!C11*0.25+'Import Dependence'!C41*0.25+'Export Dependence'!C41*0.25 -> 0.13103667 | D41: ='Import HHI Hierarchy Scores'!D11*0.25+'Export HHI Hierarchy Scores'!D11*0.25+'Import Dependence'!D41*0.25+'Export Dependence'!D41*0.25 -> 0.04745 | E41: ='Import HHI Hierarchy Scores'!E11*0.25+'Export HHI Hierarchy Scores'!E11*0.25+'Import Dependence'!E41*0.25+'Export Dependence'!E41*0.25 -> 0.7837 | F41: ='Import HHI Hierarchy Scores'!F11*0.25+'Export HHI Hierarchy Scores'!F11*0.25+'Import Dependence'!F41*0.25+'Export Dependence'!F41*0.25 -> 0.0032563236 | G41: ='Import HHI Hierarchy Scores'!G11*0.25+'Export HHI Hierarchy Scores'!G11*0.25+'Import Dependence'!G41*0.25+'Export Dependence'!G41*0.25 -> 0.064021384 | H41: ='Import HHI Hierarchy Scores'!H11*0.25+'Export HHI Hierarchy Scores'!H11*0.25+'Import Dependence'!H41*0.25+'Export Dependence'!H41*0.25 -> 0.015090183 | I41: ='Import HHI Hierarchy Scores'!I11*0.25+'Export HHI Hierarchy Scores'!I11*0.25+'Import Dependence'!I41*0.25+'Export Dependence'!I41*0.25 -> 0.02048322 | ... AN41: ='Import HHI Hierarchy Scores'!AN11*0.25+'Export HHI Hierarchy Scores'!AN11*0.25+'Import Dependence'!AN41*0.25+'Export Dependence'!AN41*0.25 -> 0.121475
A42: 2001 | B42: ='Import HHI Hierarchy Scores'!B12*0.25+'Export HHI Hierarchy Scores'!B12*0.25+'Import Dependence'!B42*0.25+'Export Dependence'!B42*0.25 -> 0.0706 | C42: ='Import HHI Hierarchy Scores'!C12*0.25+'Export HHI Hierarchy Scores'!C12*0.25+'Import Dependence'!C42*0.25+'Export Dependence'!C42*0.25 -> 0.1313727 | D42: ='Import HHI Hierarchy Scores'!D12*0.25+'Export HHI Hierarchy Scores'!D12*0.25+'Import Dependence'!D42*0.25+'Export Dependence'!D42*0.25 -> 0.156 | E42: ='Import HHI Hierarchy Scores'!E12*0.25+'Export HHI Hierarchy Scores'!E12*0.25+'Import Dependence'!E42*0.25+'Export Dependence'!E42*0.25 -> 0.7852 | F42: ='Import HHI Hierarchy Scores'!F12*0.25+'Export HHI Hierarchy Scores'!F12*0.25+'Import Dependence'!F42*0.25+'Export Dependence'!F42*0.25 -> 0.0038007058 | G42: ='Import HHI Hierarchy Scores'!G12*0.25+'Export HHI Hierarchy Scores'!G12*0.25+'Import Dependence'!G42*0.25+'Export Dependence'!G42*0.25 -> 0.054386331 | H42: ='Import HHI Hierarchy Scores'!H12*0.25+'Export HHI Hierarchy Scores'!H12*0.25+'Import Dependence'!H42*0.25+'Export Dependence'!H42*0.25 -> 0.014001265 | I42: ='Import HHI Hierarchy Scores'!I12*0.25+'Export HHI Hierarchy Scores'!I12*0.25+'Import Dependence'!I42*0.25+'Export Dependence'!I42*0.25 -> 0.018654971 | ... AN42: ='Import HHI Hierarchy Scores'!AN12*0.25+'Export HHI Hierarchy Scores'!AN12*0.25+'Import Dependence'!AN42*0.25+'Export Dependence'!AN42*0.25 -> 0.120275
A43: 2002 | B43: ='Import HHI Hierarchy Scores'!B13*0.25+'Export HHI Hierarchy Scores'!B13*0.25+'Import Dependence'!B43*0.25+'Export Dependence'!B43*0.25 -> 0.073875 | C43: ='Import HHI Hierarchy Scores'!C13*0.25+'Export HHI Hierarchy Scores'!C13*0.25+'Import Dependence'!C43*0.25+'Export Dependence'!C43*0.25 -> 0.13098833 | D43: ='Import HHI Hierarchy Scores'!D13*0.25+'Export HHI Hierarchy Scores'!D13*0.25+'Import Dependence'!D43*0.25+'Export Dependence'!D43*0.25 -> 0.042875 | E43: ='Import HHI Hierarchy Scores'!E13*0.25+'Export HHI Hierarchy Scores'!E13*0.25+'Import Dependence'!E43*0.25+'Export Dependence'!E43*0.25 -> 0.650775 | F43: ='Import HHI Hierarchy Scores'!F13*0.25+'Export HHI Hierarchy Scores'!F13*0.25+'Import Dependence'!F43*0.25+'Export Dependence'!F43*0.25 -> 0.0035829528 | G43: ='Import HHI Hierarchy Scores'!G13*0.25+'Export HHI Hierarchy Scores'!G13*0.25+'Import Dependence'!G43*0.25+'Export Dependence'!G43*0.25 -> 0.038043376 | H43: ='Import HHI Hierarchy Scores'!H13*0.25+'Export HHI Hierarchy Scores'!H13*0.25+'Import Dependence'!H43*0.25+'Export Dependence'!H43*0.25 -> 0.013531583 | I43: ='Import HHI Hierarchy Scores'!I13*0.25+'Export HHI Hierarchy Scores'!I13*0.25+'Import Dependence'!I43*0.25+'Export Dependence'!I43*0.25 -> 0.017902427 | ... AN43: ='Import HHI Hierarchy Scores'!AN13*0.25+'Export HHI Hierarchy Scores'!AN13*0.25+'Import Dependence'!AN43*0.25+'Export Dependence'!AN43*0.25 -> 0.117475
A44: 2003 | B44: ='Import HHI Hierarchy Scores'!B14*0.25+'Export HHI Hierarchy Scores'!B14*0.25+'Import Dependence'!B44*0.25+'Export Dependence'!B44*0.25 -> 0.069425 | C44: ='Import HHI Hierarchy Scores'!C14*0.25+'Export HHI Hierarchy Scores'!C14*0.25+'Import Dependence'!C44*0.25+'Export Dependence'!C44*0.25 -> 0.1323094 | D44: ='Import HHI Hierarchy Scores'!D14*0.25+'Export HHI Hierarchy Scores'!D14*0.25+'Import Dependence'!D44*0.25+'Export Dependence'!D44*0.25 -> 0.04555 | E44: ='Import HHI Hierarchy Scores'!E14*0.25+'Export HHI Hierarchy Scores'!E14*0.25+'Import Dependence'!E44*0.25+'Export Dependence'!E44*0.25 -> 0.631425 | F44: ='Import HHI Hierarchy Scores'!F14*0.25+'Export HHI Hierarchy Scores'!F14*0.25+'Import Dependence'!F44*0.25+'Export Dependence'!F44*0.25 -> 0.0041628554 | G44: ='Import HHI Hierarchy Scores'!G14*0.25+'Export HHI Hierarchy Scores'!G14*0.25+'Import Dependence'!G44*0.25+'Export Dependence'!G44*0.25 -> 0.033001599 | H44: ='Import HHI Hierarchy Scores'!H14*0.25+'Export HHI Hierarchy Scores'!H14*0.25+'Import Dependence'!H44*0.25+'Export Dependence'!H44*0.25 -> 0.011022343 | I44: ='Import HHI Hierarchy Scores'!I14*0.25+'Export HHI Hierarchy Scores'!I14*0.25+'Import Dependence'!I44*0.25+'Export Dependence'!I44*0.25 -> 0.018403571 | ... AN44: ='Import HHI Hierarchy Scores'!AN14*0.25+'Export HHI Hierarchy Scores'!AN14*0.25+'Import Dependence'!AN44*0.25+'Export Dependence'!AN44*0.25 -> 0.111875
A45: 2004 | B45: ='Import HHI Hierarchy Scores'!B15*0.25+'Export HHI Hierarchy Scores'!B15*0.25+'Import Dependence'!B45*0.25+'Export Dependence'!B45*0.25 -> 0.05905 | C45: ='Import HHI Hierarchy Scores'!C15*0.25+'Export HHI Hierarchy Scores'!C15*0.25+'Import Dependence'!C45*0.25+'Export Dependence'!C45*0.25 -> 0.13259192 | D45: ='Import HHI Hierarchy Scores'!D15*0.25+'Export HHI Hierarchy Scores'!D15*0.25+'Import Dependence'!D45*0.25+'Export Dependence'!D45*0.25 -> 0.0476 | E45: ='Import HHI Hierarchy Scores'!E15*0.25+'Export HHI Hierarchy Scores'!E15*0.25+'Import Dependence'!E45*0.25+'Export Dependence'!E45*0.25 -> 0.653525 | F45: ='Import HHI Hierarchy Scores'!F15*0.25+'Export HHI Hierarchy Scores'!F15*0.25+'Import Dependence'!F45*0.25+'Export Dependence'!F45*0.25 -> 0.0050842464 | G45: ='Import HHI Hierarchy Scores'!G15*0.25+'Export HHI Hierarchy Scores'!G15*0.25+'Import Dependence'!G45*0.25+'Export Dependence'!G45*0.25 -> 0.034117459 | H45: ='Import HHI Hierarchy Scores'!H15*0.25+'Export HHI Hierarchy Scores'!H15*0.25+'Import Dependence'!H45*0.25+'Export Dependence'!H45*0.25 -> 0.0068879551 | I45: ='Import HHI Hierarchy Scores'!I15*0.25+'Export HHI Hierarchy Scores'!I15*0.25+'Import Dependence'!I45*0.25+'Export Dependence'!I45*0.25 -> 0.014896985 | ... AN45: ='Import HHI Hierarchy Scores'!AN15*0.25+'Export HHI Hierarchy Scores'!AN15*0.25+'Import Dependence'!AN45*0.25+'Export Dependence'!AN45*0.25 -> 0.12045
A46: 2005 | B46: ='Import HHI Hierarchy Scores'!B16*0.25+'Export HHI Hierarchy Scores'!B16*0.25+'Import Dependence'!B46*0.25+'Export Dependence'!B46*0.25 -> 0.064175 | C46: ='Import HHI Hierarchy Scores'!C16*0.25+'Export HHI Hierarchy Scores'!C16*0.25+'Import Dependence'!C46*0.25+'Export Dependence'!C46*0.25 -> 0.13535996 | D46: ='Import HHI Hierarchy Scores'!D16*0.25+'Export HHI Hierarchy Scores'!D16*0.25+'Import Dependence'!D46*0.25+'Export Dependence'!D46*0.25 -> 0.04705 | E46: ='Import HHI Hierarchy Scores'!E16*0.25+'Export HHI Hierarchy Scores'!E16*0.25+'Import Dependence'!E46*0.25+'Export Dependence'!E46*0.25 -> 0.606525 | F46: ='Import HHI Hierarchy Scores'!F16*0.25+'Export HHI Hierarchy Scores'!F16*0.25+'Import Dependence'!F46*0.25+'Export Dependence'!F46*0.25 -> 0.0059532498 | G46: ='Import HHI Hierarchy Scores'!G16*0.25+'Export HHI Hierarchy Scores'!G16*0.25+'Import Dependence'!G46*0.25+'Export Dependence'!G46*0.25 -> 0.0095348511 | H46: ='Import HHI Hierarchy Scores'!H16*0.25+'Export HHI Hierarchy Scores'!H16*0.25+'Import Dependence'!H46*0.25+'Export Dependence'!H46*0.25 -> 0.0054821515 | I46: ='Import HHI Hierarchy Scores'!I16*0.25+'Export HHI Hierarchy Scores'!I16*0.25+'Import Dependence'!I46*0.25+'Export Dependence'!I46*0.25 -> 0.017117828 | ... AN46: ='Import HHI Hierarchy Scores'!AN16*0.25+'Export HHI Hierarchy Scores'!AN16*0.25+'Import Dependence'!AN46*0.25+'Export Dependence'!AN46*0.25 -> 0.12465
A47: 2006 | B47: ='Import HHI Hierarchy Scores'!B17*0.25+'Export HHI Hierarchy Scores'!B17*0.25+'Import Dependence'!B47*0.25+'Export Dependence'!B47*0.25 -> 0.061225 | C47: ='Import HHI Hierarchy Scores'!C17*0.25+'Export HHI Hierarchy Scores'!C17*0.25+'Import Dependence'!C47*0.25+'Export Dependence'!C47*0.25 -> 0.13576841 | D47: ='Import HHI Hierarchy Scores'!D17*0.25+'Export HHI Hierarchy Scores'!D17*0.25+'Import Dependence'!D47*0.25+'Export Dependence'!D47*0.25 -> 0.055675 | E47: ='Import HHI Hierarchy Scores'!E17*0.25+'Export HHI Hierarchy Scores'!E17*0.25+'Import Dependence'!E47*0.25+'Export Dependence'!E47*0.25 -> 0.600375 | F47: ='Import HHI Hierarchy Scores'!F17*0.25+'Export HHI Hierarchy Scores'!F17*0.25+'Import Dependence'!F47*0.25+'Export Dependence'!F47*0.25 -> 0.0066482004 | G47: ='Import HHI Hierarchy Scores'!G17*0.25+'Export HHI Hierarchy Scores'!G17*0.25+'Import Dependence'!G47*0.25+'Export Dependence'!G47*0.25 -> 0.010396858 | H47: ='Import HHI Hierarchy Scores'!H17*0.25+'Export HHI Hierarchy Scores'!H17*0.25+'Import Dependence'!H47*0.25+'Export Dependence'!H47*0.25 -> 0.0048936629 | I47: ='Import HHI Hierarchy Scores'!I17*0.25+'Export HHI Hierarchy Scores'!I17*0.25+'Import Dependence'!I47*0.25+'Export Dependence'!I47*0.25 -> 0.018138514 | ... AN47: ='Import HHI Hierarchy Scores'!AN17*0.25+'Export HHI Hierarchy Scores'!AN17*0.25+'Import Dependence'!AN47*0.25+'Export Dependence'!AN47*0.25 -> 0.1339
A48: 2007 | B48: ='Import HHI Hierarchy Scores'!B18*0.25+'Export HHI Hierarchy Scores'!B18*0.25+'Import Dependence'!B48*0.25+'Export Dependence'!B48*0.25 -> 0.078 | C48: ='Import HHI Hierarchy Scores'!C18*0.25+'Export HHI Hierarchy Scores'!C18*0.25+'Import Dependence'!C48*0.25+'Export Dependence'!C48*0.25 -> 0.13456975 | D48: ='Import HHI Hierarchy Scores'!D18*0.25+'Export HHI Hierarchy Scores'!D18*0.25+'Import Dependence'!D48*0.25+'Export Dependence'!D48*0.25 -> 0.05315 | E48: ='Import HHI Hierarchy Scores'!E18*0.25+'Export HHI Hierarchy Scores'!E18*0.25+'Import Dependence'!E48*0.25+'Export Dependence'!E48*0.25 -> 0.608325 | F48: ='Import HHI Hierarchy Scores'!F18*0.25+'Export HHI Hierarchy Scores'!F18*0.25+'Import Dependence'!F48*0.25+'Export Dependence'!F48*0.25 -> 0.0067006982 | G48: ='Import HHI Hierarchy Scores'!G18*0.25+'Export HHI Hierarchy Scores'!G18*0.25+'Import Dependence'!G48*0.25+'Export Dependence'!G48*0.25 -> 0.037202474 | H48: ='Import HHI Hierarchy Scores'!H18*0.25+'Export HHI Hierarchy Scores'!H18*0.25+'Import Dependence'!H48*0.25+'Export Dependence'!H48*0.25 -> 0.0046367117 | I48: ='Import HHI Hierarchy Scores'!I18*0.25+'Export HHI Hierarchy Scores'!I18*0.25+'Import Dependence'!I48*0.25+'Export Dependence'!I48*0.25 -> 0.016170715 | ... AN48: ='Import HHI Hierarchy Scores'!AN18*0.25+'Export HHI Hierarchy Scores'!AN18*0.25+'Import Dependence'!AN48*0.25+'Export Dependence'!AN48*0.25 -> 0.13195
A49: 2008 | B49: ='Import HHI Hierarchy Scores'!B19*0.25+'Export HHI Hierarchy Scores'!B19*0.25+'Import Dependence'!B49*0.25+'Export Dependence'!B49*0.25 -> 0.09095 | C49: ='Import HHI Hierarchy Scores'!C19*0.25+'Export HHI Hierarchy Scores'!C19*0.25+'Import Dependence'!C49*0.25+'Export Dependence'!C49*0.25 -> 0.13662834 | D49: ='Import HHI Hierarchy Scores'!D19*0.25+'Export HHI Hierarchy Scores'!D19*0.25+'Import Dependence'!D49*0.25+'Export Dependence'!D49*0.25 -> 0.0499 | E49: ='Import HHI Hierarchy Scores'!E19*0.25+'Export HHI Hierarchy Scores'!E19*0.25+'Import Dependence'!E49*0.25+'Export Dependence'!E49*0.25 -> 0.47275 | F49: ='Import HHI Hierarchy Scores'!F19*0.25+'Export HHI Hierarchy Scores'!F19*0.25+'Import Dependence'!F49*0.25+'Export Dependence'!F49*0.25 -> 0.0071531753 | G49: ='Import HHI Hierarchy Scores'!G19*0.25+'Export HHI Hierarchy Scores'!G19*0.25+'Import Dependence'!G49*0.25+'Export Dependence'!G49*0.25 -> 0.042717411 | H49: ='Import HHI Hierarchy Scores'!H19*0.25+'Export HHI Hierarchy Scores'!H19*0.25+'Import Dependence'!H49*0.25+'Export Dependence'!H49*0.25 -> 0.0043187206 | I49: ='Import HHI Hierarchy Scores'!I19*0.25+'Export HHI Hierarchy Scores'!I19*0.25+'Import Dependence'!I49*0.25+'Export Dependence'!I49*0.25 -> 0.019670033 | ... AN49: ='Import HHI Hierarchy Scores'!AN19*0.25+'Export HHI Hierarchy Scores'!AN19*0.25+'Import Dependence'!AN49*0.25+'Export Dependence'!AN49*0.25 -> 0.106425
A50: 2009 | B50: ='Import HHI Hierarchy Scores'!B20*0.25+'Export HHI Hierarchy Scores'!B20*0.25+'Import Dependence'!B50*0.25+'Export Dependence'!B50*0.25 -> 0.09235 | C50: ='Import HHI Hierarchy Scores'!C20*0.25+'Export HHI Hierarchy Scores'!C20*0.25+'Import Dependence'!C50*0.25+'Export Dependence'!C50*0.25 -> 0.13500534 | D50: ='Import HHI Hierarchy Scores'!D20*0.25+'Export HHI Hierarchy Scores'!D20*0.25+'Import Dependence'!D50*0.25+'Export Dependence'!D50*0.25 -> 0.053625 | E50: ='Import HHI Hierarchy Scores'!E20*0.25+'Export HHI Hierarchy Scores'!E20*0.25+'Import Dependence'!E50*0.25+'Export Dependence'!E50*0.25 -> 0.464 | F50: ='Import HHI Hierarchy Scores'!F20*0.25+'Export HHI Hierarchy Scores'!F20*0.25+'Import Dependence'!F50*0.25+'Export Dependence'!F50*0.25 -> 0.0060546594 | G50: ='Import HHI Hierarchy Scores'!G20*0.25+'Export HHI Hierarchy Scores'!G20*0.25+'Import Dependence'!G50*0.25+'Export Dependence'!G50*0.25 -> 0.039781099 | H50: ='Import HHI Hierarchy Scores'!H20*0.25+'Export HHI Hierarchy Scores'!H20*0.25+'Import Dependence'!H50*0.25+'Export Dependence'!H50*0.25 -> 0.0044079491 | I50: ='Import HHI Hierarchy Scores'!I20*0.25+'Export HHI Hierarchy Scores'!I20*0.25+'Import Dependence'!I50*0.25+'Export Dependence'!I50*0.25 -> 0.016070241 | ... AN50: ='Import HHI Hierarchy Scores'!AN20*0.25+'Export HHI Hierarchy Scores'!AN20*0.25+'Import Dependence'!AN50*0.25+'Export Dependence'!AN50*0.25 -> 0.222175
A51: 2010 | B51: ='Import HHI Hierarchy Scores'!B21*0.25+'Export HHI Hierarchy Scores'!B21*0.25+'Import Dependence'!B51*0.25+'Export Dependence'!B51*0.25 -> 0.08955 | C51: ='Import HHI Hierarchy Scores'!C21*0.25+'Export HHI Hierarchy Scores'!C21*0.25+'Import Dependence'!C51*0.25+'Export Dependence'!C51*0.25 -> 0.13576365 | D51: ='Import HHI Hierarchy Scores'!D21*0.25+'Export HHI Hierarchy Scores'!D21*0.25+'Import Dependence'!D51*0.25+'Export Dependence'!D51*0.25 -> 0.045875 | E51: ='Import HHI Hierarchy Scores'!E21*0.25+'Export HHI Hierarchy Scores'!E21*0.25+'Import Dependence'!E51*0.25+'Export Dependence'!E51*0.25 -> 0.597525 | F51: ='Import HHI Hierarchy Scores'!F21*0.25+'Export HHI Hierarchy Scores'!F21*0.25+'Import Dependence'!F51*0.25+'Export Dependence'!F51*0.25 -> 0.0080595489 | G51: ='Import HHI Hierarchy Scores'!G21*0.25+'Export HHI Hierarchy Scores'!G21*0.25+'Import Dependence'!G51*0.25+'Export Dependence'!G51*0.25 -> 0.047705742 | H51: ='Import HHI Hierarchy Scores'!H21*0.25+'Export HHI Hierarchy Scores'!H21*0.25+'Import Dependence'!H51*0.25+'Export Dependence'!H51*0.25 -> 0.0065589522 | I51: ='Import HHI Hierarchy Scores'!I21*0.25+'Export HHI Hierarchy Scores'!I21*0.25+'Import Dependence'!I51*0.25+'Export Dependence'!I51*0.25 -> 0.017410274 | ... AN51: ='Import HHI Hierarchy Scores'!AN21*0.25+'Export HHI Hierarchy Scores'!AN21*0.25+'Import Dependence'!AN51*0.25+'Export Dependence'!AN51*0.25 -> 0.11255
A52: 2011 | B52: ='Import HHI Hierarchy Scores'!B22*0.25+'Export HHI Hierarchy Scores'!B22*0.25+'Import Dependence'!B52*0.25+'Export Dependence'!B52*0.25 -> 0.090975 | C52: ='Import HHI Hierarchy Scores'!C22*0.25+'Export HHI Hierarchy Scores'!C22*0.25+'Import Dependence'!C52*0.25+'Export Dependence'!C52*0.25 -> 0.1376042 | D52: ='Import HHI Hierarchy Scores'!D22*0.25+'Export HHI Hierarchy Scores'!D22*0.25+'Import Dependence'!D52*0.25+'Export Dependence'!D52*0.25 -> 0.046975 | E52: ='Import HHI Hierarchy Scores'!E22*0.25+'Export HHI Hierarchy Scores'!E22*0.25+'Import Dependence'!E52*0.25+'Export Dependence'!E52*0.25 -> 0.4661 | F52: ='Import HHI Hierarchy Scores'!F22*0.25+'Export HHI Hierarchy Scores'!F22*0.25+'Import Dependence'!F52*0.25+'Export Dependence'!F52*0.25 -> 0.010064608 | G52: ='Import HHI Hierarchy Scores'!G22*0.25+'Export HHI Hierarchy Scores'!G22*0.25+'Import Dependence'!G52*0.25+'Export Dependence'!G52*0.25 -> 0.050768609 | H52: ='Import HHI Hierarchy Scores'!H22*0.25+'Export HHI Hierarchy Scores'!H22*0.25+'Import Dependence'!H52*0.25+'Export Dependence'!H52*0.25 -> 0.0069428839 | I52: ='Import HHI Hierarchy Scores'!I22*0.25+'Export HHI Hierarchy Scores'!I22*0.25+'Import Dependence'!I52*0.25+'Export Dependence'!I52*0.25 -> 0.015544306 | ... AN52: ='Import HHI Hierarchy Scores'!AN22*0.25+'Export HHI Hierarchy Scores'!AN22*0.25+'Import Dependence'!AN52*0.25+'Export Dependence'!AN52*0.25 -> 0.117925
... A58: 2017 | B58: ='Import HHI Hierarchy Scores'!B28*0.25+'Export HHI Hierarchy Scores'!B28*0.25+'Import Dependence'!B58*0.25+'Export Dependence'!B58*0.25 -> 0.13005 | C58: ='Import HHI Hierarchy Scores'!C28*0.25+'Export HHI Hierarchy Scores'!C28*0.25+'Import Dependence'!C58*0.25+'Export Dependence'!C58*0.25 -> 0.13233272 | D58: ='Import HHI Hierarchy Scores'!D28*0.25+'Export HHI Hierarchy Scores'!D28*0.25+'Import Dependence'!D58*0.25+'Export Dependence'!D58*0.25 -> 0.046725 | E58: ='Import HHI Hierarchy Scores'!E28*0.25+'Export HHI Hierarchy Scores'!E28*0.25+'Import Dependence'!E58*0.25+'Export Dependence'!E58*0.25 -> 0.6249 | F58: ='Import HHI Hierarchy Scores'!F28*0.25+'Export HHI Hierarchy Scores'!F28*0.25+'Import Dependence'!F58*0.25+'Export Dependence'!F58*0.25 -> 0.0091022025 | G58: ='Import HHI Hierarchy Scores'!G28*0.25+'Export HHI Hierarchy Scores'!G28*0.25+'Import Dependence'!G58*0.25+'Export Dependence'!G58*0.25 -> 0.032339799 | H58: ='Import HHI Hierarchy Scores'!H28*0.25+'Export HHI Hierarchy Scores'!H28*0.25+'Import Dependence'!H58*0.25+'Export Dependence'!H58*0.25 -> 0.0075199609 | I58: ='Import HHI Hierarchy Scores'!I28*0.25+'Export HHI Hierarchy Scores'!I28*0.25+'Import Dependence'!I58*0.25+'Export Dependence'!I58*0.25 -> 0.0092934513 | ... AN58: ='Import HHI Hierarchy Scores'!AN28*0.25+'Export HHI Hierarchy Scores'!AN28*0.25+'Import Dependence'!AN58*0.25+'Export Dependence'!AN58*0.25 -> 0.338425
A61: China | B61: Armenia | C61: Austria | D61: Azerbaijan | E61: Belarus | F61: Belgium | G61: Bulgaria | H61: Croatia | I61: Cyprus | J61: Czech | K61: Denmark | L61: Estonia | M61: Finland | N61: France | O61: Georgia | P61: Germany | Q61: Greece | R61: Hungary | S61: Ireland | T61: Italy | U61: Kazakhstan | V61: Kyrgyzstan | W61: latvia | X61: Lithuania | Y61: Luxembourg | Z61: Malta | AA61: Moldova | AB61: Netherlands | AC61: Poland | AD61: Portugal | AE61: Romania | AF61: Slovakia | AG61: Slovenia | AH61: Spain | AI61: Sweden | AJ61: Tajikistan | AK61: Turkmenistan | AL61: UK | AM61: Ukraine | AN61: Uzbekistan
A62: 1991
A63: 1992
A64: 1993
A65: 1994
A66: 1995
A67: 1996
A68: 1997
A69: 1998
A70: 1999
A71: 2000 | B71: ='Import HHI Hierarchy Scores'!B11:B11*0.25+'Export HHI Hierarchy Scores'!B11*0.25+'Import Dependence'!B71*0.25+'Export Dependence'!B71*0.25 -> 0.0021 | C71: ='Import HHI Hierarchy Scores'!C11:C11*0.25+'Export HHI Hierarchy Scores'!C11*0.25+'Import Dependence'!C71*0.25+'Export Dependence'!C71*0.25 -> 0.1296835 | D71: ='Import HHI Hierarchy Scores'!D11:D11*0.25+'Export HHI Hierarchy Scores'!D11*0.25+'Import Dependence'!D71*0.25+'Export Dependence'!D71*0.25 -> 0.0044 | E71: ='Import HHI Hierarchy Scores'!E11:E11*0.25+'Export HHI Hierarchy Scores'!E11*0.25+'Import Dependence'!E71*0.25+'Export Dependence'!E71*0.25 -> 0.5069 | F71: ='Import HHI Hierarchy Scores'!F11:F11*0.25+'Export HHI Hierarchy Scores'!F11*0.25+'Import Dependence'!F71*0.25+'Export Dependence'!F71*0.25 -> 0.0068594103 | G71: ='Import HHI Hierarchy Scores'!G11:G11*0.25+'Export HHI Hierarchy Scores'!G11*0.25+'Import Dependence'!G71*0.25+'Export Dependence'!G71*0.25 -> 0.0031860163 | H71: ='Import HHI Hierarchy Scores'!H11:H11*0.25+'Export HHI Hierarchy Scores'!H11*0.25+'Import Dependence'!H71*0.25+'Export Dependence'!H71*0.25 -> 0.0030074166 | I71: ='Import HHI Hierarchy Scores'!I11:I11*0.25+'Export HHI Hierarchy Scores'!I11*0.25+'Import Dependence'!I71*0.25+'Export Dependence'!I71*0.25 -> 0.0098531678 | ... AN71: ='Import HHI Hierarchy Scores'!AN11:AN11*0.25+'Export HHI Hierarchy Scores'!AN11*0.25+'Import Dependence'!AN71*0.25+'Export Dependence'!AN71*0.25 -> 0.007275
A72: 2001 | B72: ='Import HHI Hierarchy Scores'!B12:B12*0.25+'Export HHI Hierarchy Scores'!B12*0.25+'Import Dependence'!B72*0.25+'Export Dependence'!B72*0.25 -> 0.001175 | C72: ='Import HHI Hierarchy Scores'!C12:C12*0.25+'Export HHI Hierarchy Scores'!C12*0.25+'Import Dependence'!C72*0.25+'Export Dependence'!C72*0.25 -> 0.13090754 | D72: ='Import HHI Hierarchy Scores'!D12:D12*0.25+'Export HHI Hierarchy Scores'!D12*0.25+'Import Dependence'!D72*0.25+'Export Dependence'!D72*0.25 -> 0.131575 | E72: ='Import HHI Hierarchy Scores'!E12:E12*0.25+'Export HHI Hierarchy Scores'!E12*0.25+'Import Dependence'!E72*0.25+'Export Dependence'!E72*0.25 -> 0.5069 | F72: ='Import HHI Hierarchy Scores'!F12:F12*0.25+'Export HHI Hierarchy Scores'!F12*0.25+'Import Dependence'!F72*0.25+'Export Dependence'!F72*0.25 -> 0.0073973718 | G72: ='Import HHI Hierarchy Scores'!G12:G12*0.25+'Export HHI Hierarchy Scores'!G12*0.25+'Import Dependence'!G72*0.25+'Export Dependence'!G72*0.25 -> 0.0034778314 | H72: ='Import HHI Hierarchy Scores'!H12:H12*0.25+'Export HHI Hierarchy Scores'!H12*0.25+'Import Dependence'!H72*0.25+'Export Dependence'!H72*0.25 -> 0.0040542197 | I72: ='Import HHI Hierarchy Scores'!I12:I12*0.25+'Export HHI Hierarchy Scores'!I12*0.25+'Import Dependence'!I72*0.25+'Export Dependence'!I72*0.25 -> 0.010127792 | ... AN72: ='Import HHI Hierarchy Scores'!AN12:AN12*0.25+'Export HHI Hierarchy Scores'!AN12*0.25+'Import Dependence'!AN72*0.25+'Export Dependence'!AN72*0.25 -> 0.0074
A73: 2002 | B73: ='Import HHI Hierarchy Scores'!B13:B13*0.25+'Export HHI Hierarchy Scores'!B13*0.25+'Import Dependence'!B73*0.25+'Export Dependence'!B73*0.25 -> 0.004 | C73: ='Import HHI Hierarchy Scores'!C13:C13*0.25+'Export HHI Hierarchy Scores'!C13*0.25+'Import Dependence'!C73*0.25+'Export Dependence'!C73*0.25 -> 0.13206946 | D73: ='Import HHI Hierarchy Scores'!D13:D13*0.25+'Export HHI Hierarchy Scores'!D13*0.25+'Import Dependence'!D73*0.25+'Export Dependence'!D73*0.25 -> 0.012625 | E73: ='Import HHI Hierarchy Scores'!E13:E13*0.25+'Export HHI Hierarchy Scores'!E13*0.25+'Import Dependence'!E73*0.25+'Export Dependence'!E73*0.25 -> 0.38425 | F73: ='Import HHI Hierarchy Scores'!F13:F13*0.25+'Export HHI Hierarchy Scores'!F13*0.25+'Import Dependence'!F73*0.25+'Export Dependence'!F73*0.25 -> 0.0078564455 | G73: ='Import HHI Hierarchy Scores'!G13:G13*0.25+'Export HHI Hierarchy Scores'!G13*0.25+'Import Dependence'!G73*0.25+'Export Dependence'!G73*0.25 -> 0.0048862341 | H73: ='Import HHI Hierarchy Scores'!H13:H13*0.25+'Export HHI Hierarchy Scores'!H13*0.25+'Import Dependence'!H73*0.25+'Export Dependence'!H73*0.25 -> 0.0061137424 | I73: ='Import HHI Hierarchy Scores'!I13:I13*0.25+'Export HHI Hierarchy Scores'!I13*0.25+'Import Dependence'!I73*0.25+'Export Dependence'!I73*0.25 -> 0.010753818 | ... AN73: ='Import HHI Hierarchy Scores'!AN13:AN13*0.25+'Export HHI Hierarchy Scores'!AN13*0.25+'Import Dependence'!AN73*0.25+'Export Dependence'!AN73*0.25 -> 0.01885
A74: 2003 | B74: ='Import HHI Hierarchy Scores'!B14:B14*0.25+'Export HHI Hierarchy Scores'!B14*0.25+'Import Dependence'!B74*0.25+'Export Dependence'!B74*0.25 -> 0.003425 | C74: ='Import HHI Hierarchy Scores'!C14:C14*0.25+'Export HHI Hierarchy Scores'!C14*0.25+'Import Dependence'!C74*0.25+'Export Dependence'!C74*0.25 -> 0.13209484 | D74: ='Import HHI Hierarchy Scores'!D14:D14*0.25+'Export HHI Hierarchy Scores'!D14*0.25+'Import Dependence'!D74*0.25+'Export Dependence'!D74*0.25 -> 0.01745 | E74: ='Import HHI Hierarchy Scores'!E14:E14*0.25+'Export HHI Hierarchy Scores'!E14*0.25+'Import Dependence'!E74*0.25+'Export Dependence'!E74*0.25 -> 0.3817 | F74: ='Import HHI Hierarchy Scores'!F14:F14*0.25+'Export HHI Hierarchy Scores'!F14*0.25+'Import Dependence'!F74*0.25+'Export Dependence'!F74*0.25 -> 0.0091133915 | G74: ='Import HHI Hierarchy Scores'!G14:G14*0.25+'Export HHI Hierarchy Scores'!G14*0.25+'Import Dependence'!G74*0.25+'Export Dependence'!G74*0.25 -> 0.0085089832 | H74: ='Import HHI Hierarchy Scores'!H14:H14*0.25+'Export HHI Hierarchy Scores'!H14*0.25+'Import Dependence'!H74*0.25+'Export Dependence'!H74*0.25 -> 0.007310272 | I74: ='Import HHI Hierarchy Scores'!I14:I14*0.25+'Export HHI Hierarchy Scores'!I14*0.25+'Import Dependence'!I74*0.25+'Export Dependence'!I74*0.25 -> 0.01440243 | ... AN74: ='Import HHI Hierarchy Scores'!AN14:AN14*0.25+'Export HHI Hierarchy Scores'!AN14*0.25+'Import Dependence'!AN74*0.25+'Export Dependence'!AN74*0.25 -> 0.04105
A75: 2004 | B75: ='Import HHI Hierarchy Scores'!B15:B15*0.25+'Export HHI Hierarchy Scores'!B15*0.25+'Import Dependence'!B75*0.25+'Export Dependence'!B75*0.25 -> 0.01085 | C75: ='Import HHI Hierarchy Scores'!C15:C15*0.25+'Export HHI Hierarchy Scores'!C15*0.25+'Import Dependence'!C75*0.25+'Export Dependence'!C75*0.25 -> 0.13196566 | D75: ='Import HHI Hierarchy Scores'!D15:D15*0.25+'Export HHI Hierarchy Scores'!D15*0.25+'Import Dependence'!D75*0.25+'Export Dependence'!D75*0.25 -> 0.0131 | E75: ='Import HHI Hierarchy Scores'!E15:E15*0.25+'Export HHI Hierarchy Scores'!E15*0.25+'Import Dependence'!E75*0.25+'Export Dependence'!E75*0.25 -> 0.3831 | F75: ='Import HHI Hierarchy Scores'!F15:F15*0.25+'Export HHI Hierarchy Scores'!F15*0.25+'Import Dependence'!F75*0.25+'Export Dependence'!F75*0.25 -> 0.0097443953 | G75: ='Import HHI Hierarchy Scores'!G15:G15*0.25+'Export HHI Hierarchy Scores'!G15*0.25+'Import Dependence'!G75*0.25+'Export Dependence'!G75*0.25 -> 0.0090461548 | H75: ='Import HHI Hierarchy Scores'!H15:H15*0.25+'Export HHI Hierarchy Scores'!H15*0.25+'Import Dependence'!H75*0.25+'Export Dependence'!H75*0.25 -> 0.0097910596 | I75: ='Import HHI Hierarchy Scores'!I15:I15*0.25+'Export HHI Hierarchy Scores'!I15*0.25+'Import Dependence'!I75*0.25+'Export Dependence'!I75*0.25 -> 0.010783762 | ... AN75: ='Import HHI Hierarchy Scores'!AN15:AN15*0.25+'Export HHI Hierarchy Scores'!AN15*0.25+'Import Dependence'!AN75*0.25+'Export Dependence'!AN75*0.25 -> 0.04955
A76: 2005 | B76: ='Import HHI Hierarchy Scores'!B16:B16*0.25+'Export HHI Hierarchy Scores'!B16*0.25+'Import Dependence'!B76*0.25+'Export Dependence'!B76*0.25 -> 0.007 | C76: ='Import HHI Hierarchy Scores'!C16:C16*0.25+'Export HHI Hierarchy Scores'!C16*0.25+'Import Dependence'!C76*0.25+'Export Dependence'!C76*0.25 -> 0.13413402 | D76: ='Import HHI Hierarchy Scores'!D16:D16*0.25+'Export HHI Hierarchy Scores'!D16*0.25+'Import Dependence'!D76*0.25+'Export Dependence'!D76*0.25 -> 0.0163 | E76: ='Import HHI Hierarchy Scores'!E16:E16*0.25+'Export HHI Hierarchy Scores'!E16*0.25+'Import Dependence'!E76*0.25+'Export Dependence'!E76*0.25 -> 0.38645 | F76: ='Import HHI Hierarchy Scores'!F16:F16*0.25+'Export HHI Hierarchy Scores'!F16*0.25+'Import Dependence'!F76*0.25+'Export Dependence'!F76*0.25 -> 0.01086826 | G76: ='Import HHI Hierarchy Scores'!G16:G16*0.25+'Export HHI Hierarchy Scores'!G16*0.25+'Import Dependence'!G76*0.25+'Export Dependence'!G76*0.25 -> 0.01291425 | H76: ='Import HHI Hierarchy Scores'!H16:H16*0.25+'Export HHI Hierarchy Scores'!H16*0.25+'Import Dependence'!H76*0.25+'Export Dependence'!H76*0.25 -> 0.012036853 | I76: ='Import HHI Hierarchy Scores'!I16:I16*0.25+'Export HHI Hierarchy Scores'!I16*0.25+'Import Dependence'!I76*0.25+'Export Dependence'!I76*0.25 -> 0.011984732 | ... AN76: ='Import HHI Hierarchy Scores'!AN16:AN16*0.25+'Export HHI Hierarchy Scores'!AN16*0.25+'Import Dependence'!AN76*0.25+'Export Dependence'!AN76*0.25 -> 0.04775
A77: 2006 | B77: ='Import HHI Hierarchy Scores'!B17:B17*0.25+'Export HHI Hierarchy Scores'!B17*0.25+'Import Dependence'!B77*0.25+'Export Dependence'!B77*0.25 -> 0.01455 | C77: ='Import HHI Hierarchy Scores'!C17:C17*0.25+'Export HHI Hierarchy Scores'!C17*0.25+'Import Dependence'!C77*0.25+'Export Dependence'!C77*0.25 -> 0.1336757 | D77: ='Import HHI Hierarchy Scores'!D17:D17*0.25+'Export HHI Hierarchy Scores'!D17*0.25+'Import Dependence'!D77*0.25+'Export Dependence'!D77*0.25 -> 0.01325 | E77: ='Import HHI Hierarchy Scores'!E17:E17*0.25+'Export HHI Hierarchy Scores'!E17*0.25+'Import Dependence'!E77*0.25+'Export Dependence'!E77*0.25 -> 0.3864 | F77: ='Import HHI Hierarchy Scores'!F17:F17*0.25+'Export HHI Hierarchy Scores'!F17*0.25+'Import Dependence'!F77*0.25+'Export Dependence'!F77*0.25 -> 0.011710203 | G77: ='Import HHI Hierarchy Scores'!G17:G17*0.25+'Export HHI Hierarchy Scores'!G17*0.25+'Import Dependence'!G77*0.25+'Export Dependence'!G77*0.25 -> 0.013805863 | H77: ='Import HHI Hierarchy Scores'!H17:H17*0.25+'Export HHI Hierarchy Scores'!H17*0.25+'Import Dependence'!H77*0.25+'Export Dependence'!H77*0.25 -> 0.01372189 | I77: ='Import HHI Hierarchy Scores'!I17:I17*0.25+'Export HHI Hierarchy Scores'!I17*0.25+'Import Dependence'!I77*0.25+'Export Dependence'!I77*0.25 -> 0.012572561 | ... AN77: ='Import HHI Hierarchy Scores'!AN17:AN17*0.25+'Export HHI Hierarchy Scores'!AN17*0.25+'Import Dependence'!AN77*0.25+'Export Dependence'!AN77*0.25 -> 0.05465
A78: 2007 | B78: ='Import HHI Hierarchy Scores'!B18:B18*0.25+'Export HHI Hierarchy Scores'!B18*0.25+'Import Dependence'!B78*0.25+'Export Dependence'!B78*0.25 -> 0.016725 | C78: ='Import HHI Hierarchy Scores'!C18:C18*0.25+'Export HHI Hierarchy Scores'!C18*0.25+'Import Dependence'!C78*0.25+'Export Dependence'!C78*0.25 -> 0.13464275 | D78: ='Import HHI Hierarchy Scores'!D18:D18*0.25+'Export HHI Hierarchy Scores'!D18*0.25+'Import Dependence'!D78*0.25+'Export Dependence'!D78*0.25 -> 0.015725 | E78: ='Import HHI Hierarchy Scores'!E18:E18*0.25+'Export HHI Hierarchy Scores'!E18*0.25+'Import Dependence'!E78*0.25+'Export Dependence'!E78*0.25 -> 0.387625 | F78: ='Import HHI Hierarchy Scores'!F18:F18*0.25+'Export HHI Hierarchy Scores'!F18*0.25+'Import Dependence'!F78*0.25+'Export Dependence'!F78*0.25 -> 0.013164634 | G78: ='Import HHI Hierarchy Scores'!G18:G18*0.25+'Export HHI Hierarchy Scores'!G18*0.25+'Import Dependence'!G78*0.25+'Export Dependence'!G78*0.25 -> 0.0083489373 | H78: ='Import HHI Hierarchy Scores'!H18:H18*0.25+'Export HHI Hierarchy Scores'!H18*0.25+'Import Dependence'!H78*0.25+'Export Dependence'!H78*0.25 -> 0.015881044 | I78: ='Import HHI Hierarchy Scores'!I18:I18*0.25+'Export HHI Hierarchy Scores'!I18*0.25+'Import Dependence'!I78*0.25+'Export Dependence'!I78*0.25 -> 0.015105713 | ... AN78: ='Import HHI Hierarchy Scores'!AN18:AN18*0.25+'Export HHI Hierarchy Scores'!AN18*0.25+'Import Dependence'!AN78*0.25+'Export Dependence'!AN78*0.25 -> 0.045775
A79: 2008 | B79: ='Import HHI Hierarchy Scores'!B19:B19*0.25+'Export HHI Hierarchy Scores'!B19*0.25+'Import Dependence'!B79*0.25+'Export Dependence'!B79*0.25 -> 0.023575 | C79: ='Import HHI Hierarchy Scores'!C19:C19*0.25+'Export HHI Hierarchy Scores'!C19*0.25+'Import Dependence'!C79*0.25+'Export Dependence'!C79*0.25 -> 0.13533547 | D79: ='Import HHI Hierarchy Scores'!D19:D19*0.25+'Export HHI Hierarchy Scores'!D19*0.25+'Import Dependence'!D79*0.25+'Export Dependence'!D79*0.25 -> 0.021025 | E79: ='Import HHI Hierarchy Scores'!E19:E19*0.25+'Export HHI Hierarchy Scores'!E19*0.25+'Import Dependence'!E79*0.25+'Export Dependence'!E79*0.25 -> 0.26395 | F79: ='Import HHI Hierarchy Scores'!F19:F19*0.25+'Export HHI Hierarchy Scores'!F19*0.25+'Import Dependence'!F79*0.25+'Export Dependence'!F79*0.25 -> 0.013236718 | G79: ='Import HHI Hierarchy Scores'!G19:G19*0.25+'Export HHI Hierarchy Scores'!G19*0.25+'Import Dependence'!G79*0.25+'Export Dependence'!G79*0.25 -> 0.0093331934 | H79: ='Import HHI Hierarchy Scores'!H19:H19*0.25+'Export HHI Hierarchy Scores'!H19*0.25+'Import Dependence'!H79*0.25+'Export Dependence'!H79*0.25 -> 0.016106377 | I79: ='Import HHI Hierarchy Scores'!I19:I19*0.25+'Export HHI Hierarchy Scores'!I19*0.25+'Import Dependence'!I79*0.25+'Export Dependence'!I79*0.25 -> 0.014984298 | ... AN79: ='Import HHI Hierarchy Scores'!AN19:AN19*0.25+'Export HHI Hierarchy Scores'!AN19*0.25+'Import Dependence'!AN79*0.25+'Export Dependence'!AN79*0.25 -> 0.048075
A80: 2009 | B80: ='Import HHI Hierarchy Scores'!B20:B20*0.25+'Export HHI Hierarchy Scores'!B20*0.25+'Import Dependence'!B80*0.25+'Export Dependence'!B80*0.25 -> 0.02855 | C80: ='Import HHI Hierarchy Scores'!C20:C20*0.25+'Export HHI Hierarchy Scores'!C20*0.25+'Import Dependence'!C80*0.25+'Export Dependence'!C80*0.25 -> 0.13607717 | D80: ='Import HHI Hierarchy Scores'!D20:D20*0.25+'Export HHI Hierarchy Scores'!D20*0.25+'Import Dependence'!D80*0.25+'Export Dependence'!D80*0.25 -> 0.02295 | E80: ='Import HHI Hierarchy Scores'!E20:E20*0.25+'Export HHI Hierarchy Scores'!E20*0.25+'Import Dependence'!E80*0.25+'Export Dependence'!E80*0.25 -> 0.2656 | F80: ='Import HHI Hierarchy Scores'!F20:F20*0.25+'Export HHI Hierarchy Scores'!F20*0.25+'Import Dependence'!F80*0.25+'Export Dependence'!F80*0.25 -> 0.014525583 | G80: ='Import HHI Hierarchy Scores'!G20:G20*0.25+'Export HHI Hierarchy Scores'!G20*0.25+'Import Dependence'!G80*0.25+'Export Dependence'!G80*0.25 -> 0.0088051171 | H80: ='Import HHI Hierarchy Scores'!H20:H20*0.25+'Export HHI Hierarchy Scores'!H20*0.25+'Import Dependence'!H80*0.25+'Export Dependence'!H80*0.25 -> 0.018004746 | I80: ='Import HHI Hierarchy Scores'!I20:I20*0.25+'Export HHI Hierarchy Scores'!I20*0.25+'Import Dependence'!I80*0.25+'Export Dependence'!I80*0.25 -> 0.016768036 | ... AN80: ='Import HHI Hierarchy Scores'!AN20:AN20*0.25+'Export HHI Hierarchy Scores'!AN20*0.25+'Import Dependence'!AN80*0.25+'Export Dependence'!AN80*0.25 -> 0.192475
A81: 2010 | B81: ='Import HHI Hierarchy Scores'!B21:B21*0.25+'Export HHI Hierarchy Scores'!B21*0.25+'Import Dependence'!B81*0.25+'Export Dependence'!B81*0.25 -> 0.034825 | C81: ='Import HHI Hierarchy Scores'!C21:C21*0.25+'Export HHI Hierarchy Scores'!C21*0.25+'Import Dependence'!C81*0.25+'Export Dependence'!C81*0.25 -> 0.13760648 | D81: ='Import HHI Hierarchy Scores'!D21:D21*0.25+'Export HHI Hierarchy Scores'!D21*0.25+'Import Dependence'!D81*0.25+'Export Dependence'!D81*0.25 -> 0.025775 | E81: ='Import HHI Hierarchy Scores'!E21:E21*0.25+'Export HHI Hierarchy Scores'!E21*0.25+'Import Dependence'!E81*0.25+'Export Dependence'!E81*0.25 -> 0.3925 | F81: ='Import HHI Hierarchy Scores'!F21:F21*0.25+'Export HHI Hierarchy Scores'!F21*0.25+'Import Dependence'!F81*0.25+'Export Dependence'!F81*0.25 -> 0.015098361 | G81: ='Import HHI Hierarchy Scores'!G21:G21*0.25+'Export HHI Hierarchy Scores'!G21*0.25+'Import Dependence'!G81*0.25+'Export Dependence'!G81*0.25 -> 0.0094211329 | H81: ='Import HHI Hierarchy Scores'!H21:H21*0.25+'Export HHI Hierarchy Scores'!H21*0.25+'Import Dependence'!H81*0.25+'Export Dependence'!H81*0.25 -> 0.018717095 | I81: ='Import HHI Hierarchy Scores'!I21:I21*0.25+'Export HHI Hierarchy Scores'!I21*0.25+'Import Dependence'!I81*0.25+'Export Dependence'!I81*0.25 -> 0.016859164 | ... AN81: ='Import HHI Hierarchy Scores'!AN21:AN21*0.25+'Export HHI Hierarchy Scores'!AN21*0.25+'Import Dependence'!AN81*0.25+'Export Dependence'!AN81*0.25 -> 0.08865
A82: 2011 | B82: ='Import HHI Hierarchy Scores'!B22:B22*0.25+'Export HHI Hierarchy Scores'!B22*0.25+'Import Dependence'!B82*0.25+'Export Dependence'!B82*0.25 -> 0.027075 | C82: ='Import HHI Hierarchy Scores'!C22:C22*0.25+'Export HHI Hierarchy Scores'!C22*0.25+'Import Dependence'!C82*0.25+'Export Dependence'!C82*0.25 -> 0.13751824 | D82: ='Import HHI Hierarchy Scores'!D22:D22*0.25+'Export HHI Hierarchy Scores'!D22*0.25+'Import Dependence'!D82*0.25+'Export Dependence'!D82*0.25 -> 0.019575 | E82: ='Import HHI Hierarchy Scores'!E22:E22*0.25+'Export HHI Hierarchy Scores'!E22*0.25+'Import Dependence'!E82*0.25+'Export Dependence'!E82*0.25 -> 0.26655 | F82: ='Import HHI Hierarchy Scores'!F22:F22*0.25+'Export HHI Hierarchy Scores'!F22*0.25+'Import Dependence'!F82*0.25+'Export Dependence'!F82*0.25 -> 0.01634243 | G82: ='Import HHI Hierarchy Scores'!G22:G22*0.25+'Export HHI Hierarchy Scores'!G22*0.25+'Import Dependence'!G82*0.25+'Export Dependence'!G82*0.25 -> 0.010873294 | H82: ='Import HHI Hierarchy Scores'!H22:H22*0.25+'Export HHI Hierarchy Scores'!H22*0.25+'Import Dependence'!H82*0.25+'Export Dependence'!H82*0.25 -> 0.018719133 | I82: ='Import HHI Hierarchy Scores'!I22:I22*0.25+'Export HHI Hierarchy Scores'!I22*0.25+'Import Dependence'!I82*0.25+'Export Dependence'!I82*0.25 -> 0.015473058 | ... AN82: ='Import HHI Hierarchy Scores'!AN22:AN22*0.25+'Export HHI Hierarchy Scores'!AN22*0.25+'Import Dependence'!AN82*0.25+'Export Dependence'!AN82*0.25 -> 0.0652
... A88: 2017 | B88: ='Import HHI Hierarchy Scores'!B28:B28*0.25+'Export HHI Hierarchy Scores'!B28*0.25+'Import Dependence'!B88*0.25+'Export Dependence'!B88*0.25 -> 0.042225 | C88: ='Import HHI Hierarchy Scores'!C28:C28*0.25+'Export HHI Hierarchy Scores'!C28*0.25+'Import Dependence'!C88*0.25+'Export Dependence'!C88*0.25 -> 0.13987167 | D88: ='Import HHI Hierarchy Scores'!D28:D28*0.25+'Export HHI Hierarchy Scores'!D28*0.25+'Import Dependence'!D88*0.25+'Export Dependence'!D88*0.25 -> 0.032 | E88: ='Import HHI Hierarchy Scores'!E28:E28*0.25+'Export HHI Hierarchy Scores'!E28*0.25+'Import Dependence'!E88*0.25+'Export Dependence'!E88*0.25 -> 0.39795 | F88: ='Import HHI Hierarchy Scores'!F28:F28*0.25+'Export HHI Hierarchy Scores'!F28*0.25+'Import Dependence'!F88*0.25+'Export Dependence'!F88*0.25 -> 0.015752809 | G88: ='Import HHI Hierarchy Scores'!G28:G28*0.25+'Export HHI Hierarchy Scores'!G28*0.25+'Import Dependence'!G88*0.25+'Export Dependence'!G88*0.25 -> 0.015300831 | H88: ='Import HHI Hierarchy Scores'!H28:H28*0.25+'Export HHI Hierarchy Scores'!H28*0.25+'Import Dependence'!H88*0.25+'Export Dependence'!H88*0.25 -> 0.010251127 | I88: ='Import HHI Hierarchy Scores'!I28:I28*0.25+'Export HHI Hierarchy Scores'!I28*0.25+'Import Dependence'!I88*0.25+'Export Dependence'!I88*0.25 -> 0.023340112 | ... AN88: ='Import HHI Hierarchy Scores'!AN28:AN28*0.25+'Export HHI Hierarchy Scores'!AN28*0.25+'Import Dependence'!AN88*0.25+'Export Dependence'!AN88*0.25 -> 0.352225

Sheet Economic Hierarchy Scores wo HH
A1: US | B1: Armenia | C1: Austria | D1: Azerbaijan | E1: Belarus | F1: Belgium | G1: Bulgaria | H1: Croatia | I1: Cyprus | J1: Czech | K1: Denmark | L1: Estonia | M1: Finland | N1: France | O1: Georgia | P1: Germany | Q1: Greece | R1: Hungary | S1: Ireland | T1: Italy | U1: Kazakhstan | V1: Kyrgyzstan | W1: latvia | X1: Lithuania | Y1: Luxembourg | Z1: Malta | AA1: Moldova | AB1: Netherlands | AC1: Poland | AD1: Portugal | AE1: Romania | AF1: Slovakia | AG1: Slovenia | AH1: Spain | AI1: Sweden | AJ1: Tajikistan | AK1: Turkmenistan | AL1: UK | AM1: Ukraine | AN1: Uzbekistan
A2: 1991
A3: 1992
A4: 1993
A5: 1994
A6: 1995
A7: 1996
A8: 1997
A9: 1998
A10: 1999
A11: 2000 | B11: ='Import Dependence'!B11*0.5+'Export Dependence'!B11*0.5 -> 0.1285 | C11: ='Import Dependence'!C11*0.5+'Export Dependence'!C11*0.5 -> 0.045370291 | D11: ='Import Dependence'!D11*0.5+'Export Dependence'!D11*0.5 -> 0.0889 | E11: ='Import Dependence'!E11*0.5+'Export Dependence'!E11*0.5 -> 0.01535 | F11: ='Import Dependence'!F11*0.5+'Export Dependence'!F11*0.5 -> 0.057165748 | G11: ='Import Dependence'!G11*0.5+'Export Dependence'!G11*0.5 -> 0.030896716 | H11: ='Import Dependence'!H11*0.5+'Export Dependence'!H11*0.5 -> 0.014098801 | I11: ='Import Dependence'!I11*0.5+'Export Dependence'!I11*0.5 -> 0.082033571 | ... AN11: ='Import Dependence'!AN11*0.5+'Export Dependence'!AN11*0.5 -> 0.04965
A12: 2001 | B12: ='Import Dependence'!B12*0.5+'Export Dependence'!B12*0.5 -> 0.13495 | C12: ='Import Dependence'!C12*0.5+'Export Dependence'!C12*0.5 -> 0.044935621 | D12: ='Import Dependence'!D12*0.5+'Export Dependence'!D12*0.5 -> 0.0709 | E12: ='Import Dependence'!E12*0.5+'Export Dependence'!E12*0.5 -> 0.0146 | F12: ='Import Dependence'!F12*0.5+'Export Dependence'!F12*0.5 -> 0.062877704 | G12: ='Import Dependence'!G12*0.5+'Export Dependence'!G12*0.5 -> 0.027792238 | H12: ='Import Dependence'!H12*0.5+'Export Dependence'!H12*0.5 -> 0.014235818 | I12: ='Import Dependence'!I12*0.5+'Export Dependence'!I12*0.5 -> 0.090553959 | ... AN12: ='Import Dependence'!AN12*0.5+'Export Dependence'!AN12*0.5 -> 0.046
A13: 2002 | B13: ='Import Dependence'!B13*0.5+'Export Dependence'!B13*0.5 -> 0.10935 | C13: ='Import Dependence'!C13*0.5+'Export Dependence'!C13*0.5 -> 0.042413024 | D13: ='Import Dependence'!D13*0.5+'Export Dependence'!D13*0.5 -> 0.0377 | E13: ='Import Dependence'!E13*0.5+'Export Dependence'!E13*0.5 -> 0.01245 | F13: ='Import Dependence'!F13*0.5+'Export Dependence'!F13*0.5 -> 0.056469486 | G13: ='Import Dependence'!G13*0.5+'Export Dependence'!G13*0.5 -> 0.028200612 | H13: ='Import Dependence'!H13*0.5+'Export Dependence'!H13*0.5 -> 0.014269378 | I13: ='Import Dependence'!I13*0.5+'Export Dependence'!I13*0.5 -> 0.071293637 | ... AN13: ='Import Dependence'!AN13*0.5+'Export Dependence'!AN13*0.5 -> 0.05995
A14: 2003 | B14: ='Import Dependence'!B14*0.5+'Export Dependence'!B14*0.5 -> 0.09515 | C14: ='Import Dependence'!C14*0.5+'Export Dependence'!C14*0.5 -> 0.035646878 | D14: ='Import Dependence'!D14*0.5+'Export Dependence'!D14*0.5 -> 0.0383 | E14: ='Import Dependence'!E14*0.5+'Export Dependence'!E14*0.5 -> 0.02045 | F14: ='Import Dependence'!F14*0.5+'Export Dependence'!F14*0.5 -> 0.052112063 | G14: ='Import Dependence'!G14*0.5+'Export Dependence'!G14*0.5 -> 0.027077484 | H14: ='Import Dependence'!H14*0.5+'Export Dependence'!H14*0.5 -> 0.012240775 | I14: ='Import Dependence'!I14*0.5+'Export Dependence'!I14*0.5 -> 0.06826946 | ... AN14: ='Import Dependence'!AN14*0.5+'Export Dependence'!AN14*0.5 -> 0.07205
A15: 2004 | B15: ='Import Dependence'!B15*0.5+'Export Dependence'!B15*0.5 -> 0.08695 | C15: ='Import Dependence'!C15*0.5+'Export Dependence'!C15*0.5 -> 0.039487715 | D15: ='Import Dependence'!D15*0.5+'Export Dependence'!D15*0.5 -> 0.026 | E15: ='Import Dependence'!E15*0.5+'Export Dependence'!E15*0.5 -> 0.01325 | F15: ='Import Dependence'!F15*0.5+'Export Dependence'!F15*0.5 -> 0.051118069 | G15: ='Import Dependence'!G15*0.5+'Export Dependence'!G15*0.5 -> 0.019688068 | H15: ='Import Dependence'!H15*0.5+'Export Dependence'!H15*0.5 -> 0.01139018 | I15: ='Import Dependence'!I15*0.5+'Export Dependence'!I15*0.5 -> 0.056513963 | ... AN15: ='Import Dependence'!AN15*0.5+'Export Dependence'!AN15*0.5 -> 0.0499
A16: 2005 | B16: ='Import Dependence'!B16*0.5+'Export Dependence'!B16*0.5 -> 0.06045 | C16: ='Import Dependence'!C16*0.5+'Export Dependence'!C16*0.5 -> 0.040295013 | D16: ='Import Dependence'!D16*0.5+'Export Dependence'!D16*0.5 -> 0.0206 | E16: ='Import Dependence'!E16*0.5+'Export Dependence'!E16*0.5 -> 0.01505 | F16: ='Import Dependence'!F16*0.5+'Export Dependence'!F16*0.5 -> 0.042285391 | G16: ='Import Dependence'!G16*0.5+'Export Dependence'!G16*0.5 -> 0.022106915 | H16: ='Import Dependence'!H16*0.5+'Export Dependence'!H16*0.5 -> 0.013323406 | I16: ='Import Dependence'!I16*0.5+'Export Dependence'!I16*0.5 -> 0.05184474 | ... AN16: ='Import Dependence'!AN16*0.5+'Export Dependence'!AN16*0.5 -> 0.02015
A17: 2006 | B17: ='Import Dependence'!B17*0.5+'Export Dependence'!B17*0.5 -> 0.05255 | C17: ='Import Dependence'!C17*0.5+'Export Dependence'!C17*0.5 -> 0.040247808 | D17: ='Import Dependence'!D17*0.5+'Export Dependence'!D17*0.5 -> 0.04035 | E17: ='Import Dependence'!E17*0.5+'Export Dependence'!E17*0.5 -> 0.0192 | F17: ='Import Dependence'!F17*0.5+'Export Dependence'!F17*0.5 -> 0.041842292 | G17: ='Import Dependence'!G17*0.5+'Export Dependence'!G17*0.5 -> 0.015771678 | H17: ='Import Dependence'!H17*0.5+'Export Dependence'!H17*0.5 -> 0.011499544 | I17: ='Import Dependence'!I17*0.5+'Export Dependence'!I17*0.5 -> 0.050747178 | ... AN17: ='Import Dependence'!AN17*0.5+'Export Dependence'!AN17*0.5 -> 0.0202
A18: 2007 | B18: ='Import Dependence'!B18*0.5+'Export Dependence'!B18*0.5 -> 0.03995 | C18: ='Import Dependence'!C18*0.5+'Export Dependence'!C18*0.5 -> 0.035665484 | D18: ='Import Dependence'!D18*0.5+'Export Dependence'!D18*0.5 -> 0.0553 | E18: ='Import Dependence'!E18*0.5+'Export Dependence'!E18*0.5 -> 0.01365 | F18: ='Import Dependence'!F18*0.5+'Export Dependence'!F18*0.5 -> 0.039451722 | G18: ='Import Dependence'!G18*0.5+'Export Dependence'!G18*0.5 -> 0.0085412282 | H18: ='Import Dependence'!H18*0.5+'Export Dependence'!H18*0.5 -> 0.0096659292 | I18: ='Import Dependence'!I18*0.5+'Export Dependence'!I18*0.5 -> 0.043951587 | ... AN18: ='Import Dependence'!AN18*0.5+'Export Dependence'!AN18*0.5 -> 0.0176
A19: 2008 | B19: ='Import Dependence'!B19*0.5+'Export Dependence'!B19*0.5 -> 0.04575 | C19: ='Import Dependence'!C19*0.5+'Export Dependence'!C19*0.5 -> 0.030415785 | D19: ='Import Dependence'!D19*0.5+'Export Dependence'!D19*0.5 -> 0.0854 | E19: ='Import Dependence'!E19*0.5+'Export Dependence'!E19*0.5 -> 0.00795 | F19: ='Import Dependence'!F19*0.5+'Export Dependence'!F19*0.5 -> 0.035538896 | G19: ='Import Dependence'!G19*0.5+'Export Dependence'!G19*0.5 -> 0.0088276637 | H19: ='Import Dependence'!H19*0.5+'Export Dependence'!H19*0.5 -> 0.0088556996 | I19: ='Import Dependence'!I19*0.5+'Export Dependence'!I19*0.5 -> 0.04469741 | ... AN19: ='Import Dependence'!AN19*0.5+'Export Dependence'!AN19*0.5 -> 0.03415
A20: 2009 | B20: ='Import Dependence'!B20*0.5+'Export Dependence'!B20*0.5 -> 0.0643 | C20: ='Import Dependence'!C20*0.5+'Export Dependence'!C20*0.5 -> 0.028071305 | D20: ='Import Dependence'!D20*0.5+'Export Dependence'!D20*0.5 -> 0.06835 | E20: ='Import Dependence'!E20*0.5+'Export Dependence'!E20*0.5 -> 0.00765 | F20: ='Import Dependence'!F20*0.5+'Export Dependence'!F20*0.5 -> 0.037351559 | G20: ='Import Dependence'!G20*0.5+'Export Dependence'!G20*0.5 -> 0.011462036 | H20: ='Import Dependence'!H20*0.5+'Export Dependence'!H20*0.5 -> 0.0080023578 | I20: ='Import Dependence'!I20*0.5+'Export Dependence'!I20*0.5 -> 0.041371158 | ... AN20: ='Import Dependence'!AN20*0.5+'Export Dependence'!AN20*0.5 -> 0.01185
A21: 2010 | B21: ='Import Dependence'!B21*0.5+'Export Dependence'!B21*0.5 -> 0.05975 | C21: ='Import Dependence'!C21*0.5+'Export Dependence'!C21*0.5 -> 0.030030178 | D21: ='Import Dependence'!D21*0.5+'Export Dependence'!D21*0.5 -> 0.0454 | E21: ='Import Dependence'!E21*0.5+'Export Dependence'!E21*0.5 -> 0.008 | F21: ='Import Dependence'!F21*0.5+'Export Dependence'!F21*0.5 -> 0.035686561 | G21: ='Import Dependence'!G21*0.5+'Export Dependence'!G21*0.5 -> 0.0095976028 | H21: ='Import Dependence'!H21*0.5+'Export Dependence'!H21*0.5 -> 0.0087393732 | I21: ='Import Dependence'!I21*0.5+'Export Dependence'!I21*0.5 -> 0.040852136 | ... AN21: ='Import Dependence'!AN21*0.5+'Export Dependence'!AN21*0.5 -> 0.00945
A22: 2011 | B22: ='Import Dependence'!B22*0.5+'Export Dependence'!B22*0.5 -> 0.05445 | C22: ='Import Dependence'!C22*0.5+'Export Dependence'!C22*0.5 -> 0.032990748 | D22: ='Import Dependence'!D22*0.5+'Export Dependence'!D22*0.5 -> 0.06055 | E22: ='Import Dependence'!E22*0.5+'Export Dependence'!E22*0.5 -> 0.00765 | F22: ='Import Dependence'!F22*0.5+'Export Dependence'!F22*0.5 -> 0.03524267 | G22: ='Import Dependence'!G22*0.5+'Export Dependence'!G22*0.5 -> 0.011012969 | H22: ='Import Dependence'!H22*0.5+'Export Dependence'!H22*0.5 -> 0.0096995718 | I22: ='Import Dependence'!I22*0.5+'Export Dependence'!I22*0.5 -> 0.046157957 | ... AN22: ='Import Dependence'!AN22*0.5+'Export Dependence'!AN22*0.5 -> 0.007
... A28: 2017 | B28: ='Import Dependence'!B28*0.5+'Export Dependence'!B28*0.5 -> 0.02805 | C28: ='Import Dependence'!C28*0.5+'Export Dependence'!C28*0.5 -> 0.04390954 | D28: ='Import Dependence'!D28*0.5+'Export Dependence'!D28*0.5 -> 0.02025 | E28: ='Import Dependence'!E28*0.5+'Export Dependence'!E28*0.5 -> 0.0095 | F28: ='Import Dependence'!F28*0.5+'Export Dependence'!F28*0.5 -> 0.042696162 | G28: ='Import Dependence'!G28*0.5+'Export Dependence'!G28*0.5 -> 0.011469693 | H28: ='Import Dependence'!H28*0.5+'Export Dependence'!H28*0.5 -> 0.010292152 | I28: ='Import Dependence'!I28*0.5+'Export Dependence'!I28*0.5 -> 0.048735406 | ... AN28: ='Import Dependence'!AN28*0.5+'Export Dependence'!AN28*0.5 -> 0.0023
A31: Russia | B31: Armenia | C31: Austria | D31: Azerbaijan | E31: Belarus | F31: Belgium | G31: Bulgaria | H31: Croatia | I31: Cyprus | J31: Czech | K31: Denmark | L31: Estonia | M31: Finland | N31: France | O31: Georgia | P31: Germany | Q31: Greece | R31: Hungary | S31: Ireland | T31: Italy | U31: Kazakhstan | V31: Kyrgyzstan | W31: latvia | X31: Lithuania | Y31: Luxembourg | Z31: Malta | AA31: Moldova | AB31: Netherlands | AC31: Poland | AD31: Portugal | AE31: Romania | AF31: Slovakia | AG31: Slovenia | AH31: Spain | AI31: Sweden | AJ31: Tajikistan | AK31: Turkmenistan | AL31: UK | AM31: Ukraine | AN31: Uzbekistan
A32: 1991
A33: 1992
A34: 1993
A35: 1994
A36: 1995
A37: 1996
A38: 1997
A39: 1998
A40: 1999
A41: 2000 | B41: ='Import Dependence'!B41*0.5+'Export Dependence'!B41*0.5 -> 0.13785 | C41: ='Import Dependence'!C41*0.5+'Export Dependence'!C41*0.5 -> 0.012073341 | D41: ='Import Dependence'!D41*0.5+'Export Dependence'!D41*0.5 -> 0.0949 | E41: ='Import Dependence'!E41*0.5+'Export Dependence'!E41*0.5 -> 0.5674 | F41: ='Import Dependence'!F41*0.5+'Export Dependence'!F41*0.5 -> 0.0065126473 | G41: ='Import Dependence'!G41*0.5+'Export Dependence'!G41*0.5 -> 0.12804277 | H41: ='Import Dependence'!H41*0.5+'Export Dependence'!H41*0.5 -> 0.030180365 | I41: ='Import Dependence'!I41*0.5+'Export Dependence'!I41*0.5 -> 0.040966439 | ... AN41: ='Import Dependence'!AN41*0.5+'Export Dependence'!AN41*0.5 -> 0.24295
A42: 2001 | B42: ='Import Dependence'!B42*0.5+'Export Dependence'!B42*0.5 -> 0.1412 | C42: ='Import Dependence'!C42*0.5+'Export Dependence'!C42*0.5 -> 0.012745393 | D42: ='Import Dependence'!D42*0.5+'Export Dependence'!D42*0.5 -> 0.062 | E42: ='Import Dependence'!E42*0.5+'Export Dependence'!E42*0.5 -> 0.5704 | F42: ='Import Dependence'!F42*0.5+'Export Dependence'!F42*0.5 -> 0.0076014116 | G42: ='Import Dependence'!G42*0.5+'Export Dependence'!G42*0.5 -> 0.10877266 | H42: ='Import Dependence'!H42*0.5+'Export Dependence'!H42*0.5 -> 0.02800253 | I42: ='Import Dependence'!I42*0.5+'Export Dependence'!I42*0.5 -> 0.037309942 | ... AN42: ='Import Dependence'!AN42*0.5+'Export Dependence'!AN42*0.5 -> 0.24055
A43: 2002 | B43: ='Import Dependence'!B43*0.5+'Export Dependence'!B43*0.5 -> 0.14775 | C43: ='Import Dependence'!C43*0.5+'Export Dependence'!C43*0.5 -> 0.011976659 | D43: ='Import Dependence'!D43*0.5+'Export Dependence'!D43*0.5 -> 0.08575 | E43: ='Import Dependence'!E43*0.5+'Export Dependence'!E43*0.5 -> 0.55155 | F43: ='Import Dependence'!F43*0.5+'Export Dependence'!F43*0.5 -> 0.0071659055 | G43: ='Import Dependence'!G43*0.5+'Export Dependence'!G43*0.5 -> 0.076086752 | H43: ='Import Dependence'!H43*0.5+'Export Dependence'!H43*0.5 -> 0.027063165 | I43: ='Import Dependence'!I43*0.5+'Export Dependence'!I43*0.5 -> 0.035804854 | ... AN43: ='Import Dependence'!AN43*0.5+'Export Dependence'!AN43*0.5 -> 0.23495
A44: 2003 | B44: ='Import Dependence'!B44*0.5+'Export Dependence'!B44*0.5 -> 0.13885 | C44: ='Import Dependence'!C44*0.5+'Export Dependence'!C44*0.5 -> 0.014618808 | D44: ='Import Dependence'!D44*0.5+'Export Dependence'!D44*0.5 -> 0.0911 | E44: ='Import Dependence'!E44*0.5+'Export Dependence'!E44*0.5 -> 0.51285 | F44: ='Import Dependence'!F44*0.5+'Export Dependence'!F44*0.5 -> 0.0083257109 | G44: ='Import Dependence'!G44*0.5+'Export Dependence'!G44*0.5 -> 0.066003199 | H44: ='Import Dependence'!H44*0.5+'Export Dependence'!H44*0.5 -> 0.022044686 | I44: ='Import Dependence'!I44*0.5+'Export Dependence'!I44*0.5 -> 0.036807142 | ... AN44: ='Import Dependence'!AN44*0.5+'Export Dependence'!AN44*0.5 -> 0.22375
A45: 2004 | B45: ='Import Dependence'!B45*0.5+'Export Dependence'!B45*0.5 -> 0.1181 | C45: ='Import Dependence'!C45*0.5+'Export Dependence'!C45*0.5 -> 0.015183831 | D45: ='Import Dependence'!D45*0.5+'Export Dependence'!D45*0.5 -> 0.0952 | E45: ='Import Dependence'!E45*0.5+'Export Dependence'!E45*0.5 -> 0.55705 | F45: ='Import Dependence'!F45*0.5+'Export Dependence'!F45*0.5 -> 0.010168493 | G45: ='Import Dependence'!G45*0.5+'Export Dependence'!G45*0.5 -> 0.068234919 | H45: ='Import Dependence'!H45*0.5+'Export Dependence'!H45*0.5 -> 0.01377591 | I45: ='Import Dependence'!I45*0.5+'Export Dependence'!I45*0.5 -> 0.029793971 | ... AN45: ='Import Dependence'!AN45*0.5+'Export Dependence'!AN45*0.5 -> 0.2409
A46: 2005 | B46: ='Import Dependence'!B46*0.5+'Export Dependence'!B46*0.5 -> 0.12835 | C46: ='Import Dependence'!C46*0.5+'Export Dependence'!C46*0.5 -> 0.020719913 | D46: ='Import Dependence'!D46*0.5+'Export Dependence'!D46*0.5 -> 0.0941 | E46: ='Import Dependence'!E46*0.5+'Export Dependence'!E46*0.5 -> 0.46305 | F46: ='Import Dependence'!F46*0.5+'Export Dependence'!F46*0.5 -> 0.0119065 | G46: ='Import Dependence'!G46*0.5+'Export Dependence'!G46*0.5 -> 0.019069702 | H46: ='Import Dependence'!H46*0.5+'Export Dependence'!H46*0.5 -> 0.010964303 | I46: ='Import Dependence'!I46*0.5+'Export Dependence'!I46*0.5 -> 0.034235656 | ... AN46: ='Import Dependence'!AN46*0.5+'Export Dependence'!AN46*0.5 -> 0.2493
A47: 2006 | B47: ='Import Dependence'!B47*0.5+'Export Dependence'!B47*0.5 -> 0.12245 | C47: ='Import Dependence'!C47*0.5+'Export Dependence'!C47*0.5 -> 0.021536819 | D47: ='Import Dependence'!D47*0.5+'Export Dependence'!D47*0.5 -> 0.11135 | E47: ='Import Dependence'!E47*0.5+'Export Dependence'!E47*0.5 -> 0.45075 | F47: ='Import Dependence'!F47*0.5+'Export Dependence'!F47*0.5 -> 0.013296401 | G47: ='Import Dependence'!G47*0.5+'Export Dependence'!G47*0.5 -> 0.020793717 | H47: ='Import Dependence'!H47*0.5+'Export Dependence'!H47*0.5 -> 0.0097873258 | I47: ='Import Dependence'!I47*0.5+'Export Dependence'!I47*0.5 -> 0.036277027 | ... AN47: ='Import Dependence'!AN47*0.5+'Export Dependence'!AN47*0.5 -> 0.2678
A48: 2007 | B48: ='Import Dependence'!B48*0.5+'Export Dependence'!B48*0.5 -> 0.156 | C48: ='Import Dependence'!C48*0.5+'Export Dependence'!C48*0.5 -> 0.019139492 | D48: ='Import Dependence'!D48*0.5+'Export Dependence'!D48*0.5 -> 0.1063 | E48: ='Import Dependence'!E48*0.5+'Export Dependence'!E48*0.5 -> 0.46665 | F48: ='Import Dependence'!F48*0.5+'Export Dependence'!F48*0.5 -> 0.013401396 | G48: ='Import Dependence'!G48*0.5+'Export Dependence'!G48*0.5 -> 0.074404948 | H48: ='Import Dependence'!H48*0.5+'Export Dependence'!H48*0.5 -> 0.0092734234 | I48: ='Import Dependence'!I48*0.5+'Export Dependence'!I48*0.5 -> 0.03234143 | ... AN48: ='Import Dependence'!AN48*0.5+'Export Dependence'!AN48*0.5 -> 0.2639
A49: 2008 | B49: ='Import Dependence'!B49*0.5+'Export Dependence'!B49*0.5 -> 0.1819 | C49: ='Import Dependence'!C49*0.5+'Export Dependence'!C49*0.5 -> 0.023256687 | D49: ='Import Dependence'!D49*0.5+'Export Dependence'!D49*0.5 -> 0.0998 | E49: ='Import Dependence'!E49*0.5+'Export Dependence'!E49*0.5 -> 0.4455 | F49: ='Import Dependence'!F49*0.5+'Export Dependence'!F49*0.5 -> 0.014306351 | G49: ='Import Dependence'!G49*0.5+'Export Dependence'!G49*0.5 -> 0.085434822 | H49: ='Import Dependence'!H49*0.5+'Export Dependence'!H49*0.5 -> 0.0086374413 | I49: ='Import Dependence'!I49*0.5+'Export Dependence'!I49*0.5 -> 0.039340066 | ... AN49: ='Import Dependence'!AN49*0.5+'Export Dependence'!AN49*0.5 -> 0.21285
A50: 2009 | B50: ='Import Dependence'!B50*0.5+'Export Dependence'!B50*0.5 -> 0.1847 | C50: ='Import Dependence'!C50*0.5+'Export Dependence'!C50*0.5 -> 0.020010677 | D50: ='Import Dependence'!D50*0.5+'Export Dependence'!D50*0.5 -> 0.10725 | E50: ='Import Dependence'!E50*0.5+'Export Dependence'!E50*0.5 -> 0.428 | F50: ='Import Dependence'!F50*0.5+'Export Dependence'!F50*0.5 -> 0.012109319 | G50: ='Import Dependence'!G50*0.5+'Export Dependence'!G50*0.5 -> 0.079562197 | H50: ='Import Dependence'!H50*0.5+'Export Dependence'!H50*0.5 -> 0.0088158983 | I50: ='Import Dependence'!I50*0.5+'Export Dependence'!I50*0.5 -> 0.032140483 | ... AN50: ='Import Dependence'!AN50*0.5+'Export Dependence'!AN50*0.5 -> 0.19435
A51: 2010 | B51: ='Import Dependence'!B51*0.5+'Export Dependence'!B51*0.5 -> 0.1791 | C51: ='Import Dependence'!C51*0.5+'Export Dependence'!C51*0.5 -> 0.021527304 | D51: ='Import Dependence'!D51*0.5+'Export Dependence'!D51*0.5 -> 0.09175 | E51: ='Import Dependence'!E51*0.5+'Export Dependence'!E51*0.5 -> 0.44505 | F51: ='Import Dependence'!F51*0.5+'Export Dependence'!F51*0.5 -> 0.016119098 | G51: ='Import Dependence'!G51*0.5+'Export Dependence'!G51*0.5 -> 0.095411484 | H51: ='Import Dependence'!H51*0.5+'Export Dependence'!H51*0.5 -> 0.013117904 | I51: ='Import Dependence'!I51*0.5+'Export Dependence'!I51*0.5 -> 0.034820547 | ... AN51: ='Import Dependence'!AN51*0.5+'Export Dependence'!AN51*0.5 -> 0.2251
A52: 2011 | B52: ='Import Dependence'!B52*0.5+'Export Dependence'!B52*0.5 -> 0.18195 | C52: ='Import Dependence'!C52*0.5+'Export Dependence'!C52*0.5 -> 0.025208398 | D52: ='Import Dependence'!D52*0.5+'Export Dependence'!D52*0.5 -> 0.09395 | E52: ='Import Dependence'!E52*0.5+'Export Dependence'!E52*0.5 -> 0.4322 | F52: ='Import Dependence'!F52*0.5+'Export Dependence'!F52*0.5 -> 0.020129216 | G52: ='Import Dependence'!G52*0.5+'Export Dependence'!G52*0.5 -> 0.10153722 | H52: ='Import Dependence'!H52*0.5+'Export Dependence'!H52*0.5 -> 0.013885768 | I52: ='Import Dependence'!I52*0.5+'Export Dependence'!I52*0.5 -> 0.031088612 | ... AN52: ='Import Dependence'!AN52*0.5+'Export Dependence'!AN52*0.5 -> 0.23585
... A58: 2017 | B58: ='Import Dependence'!B58*0.5+'Export Dependence'!B58*0.5 -> 0.2601 | C58: ='Import Dependence'!C58*0.5+'Export Dependence'!C58*0.5 -> 0.014665442 | D58: ='Import Dependence'!D58*0.5+'Export Dependence'!D58*0.5 -> 0.09345 | E58: ='Import Dependence'!E58*0.5+'Export Dependence'!E58*0.5 -> 0.4998 | F58: ='Import Dependence'!F58*0.5+'Export Dependence'!F58*0.5 -> 0.018204405 | G58: ='Import Dependence'!G58*0.5+'Export Dependence'!G58*0.5 -> 0.064679599 | H58: ='Import Dependence'!H58*0.5+'Export Dependence'!H58*0.5 -> 0.015039922 | I58: ='Import Dependence'!I58*0.5+'Export Dependence'!I58*0.5 -> 0.018586903 | ... AN58: ='Import Dependence'!AN58*0.5+'Export Dependence'!AN58*0.5 -> 0.17685
A61: China | B61: Armenia | C61: Austria | D61: Azerbaijan | E61: Belarus | F61: Belgium | G61: Bulgaria | H61: Croatia | I61: Cyprus | J61: Czech | K61: Denmark | L61: Estonia | M61: Finland | N61: France | O61: Georgia | P61: Germany | Q61: Greece | R61: Hungary | S61: Ireland | T61: Italy | U61: Kazakhstan | V61: Kyrgyzstan | W61: latvia | X61: Lithuania | Y61: Luxembourg | Z61: Malta | AA61: Moldova | AB61: Netherlands | AC61: Poland | AD61: Portugal | AE61: Romania | AF61: Slovakia | AG61: Slovenia | AH61: Spain | AI61: Sweden | AJ61: Tajikistan | AK61: Turkmenistan | AL61: UK | AM61: Ukraine | AN61: Uzbekistan
A62: 1991
A63: 1992
A64: 1993
A65: 1994
A66: 1995
A67: 1996
A68: 1997
A69: 1998
A70: 1999
A71: 2000 | B71: ='Import Dependence'!B71*0.5+'Export Dependence'!B71*0.5 -> 0.0042 | C71: ='Import Dependence'!C71*0.5+'Export Dependence'!C71*0.5 -> 0.0093669925 | D71: ='Import Dependence'!D71*0.5+'Export Dependence'!D71*0.5 -> 0.0088 | E71: ='Import Dependence'!E71*0.5+'Export Dependence'!E71*0.5 -> 0.0138 | F71: ='Import Dependence'!F71*0.5+'Export Dependence'!F71*0.5 -> 0.013718821 | G71: ='Import Dependence'!G71*0.5+'Export Dependence'!G71*0.5 -> 0.0063720326 | H71: ='Import Dependence'!H71*0.5+'Export Dependence'!H71*0.5 -> 0.0060148332 | I71: ='Import Dependence'!I71*0.5+'Export Dependence'!I71*0.5 -> 0.019706336 | ... AN71: ='Import Dependence'!AN71*0.5+'Export Dependence'!AN71*0.5 -> 0.01455
A72: 2001 | B72: ='Import Dependence'!B72*0.5+'Export Dependence'!B72*0.5 -> 0.00235 | C72: ='Import Dependence'!C72*0.5+'Export Dependence'!C72*0.5 -> 0.011815076 | D72: ='Import Dependence'!D72*0.5+'Export Dependence'!D72*0.5 -> 0.01315 | E72: ='Import Dependence'!E72*0.5+'Export Dependence'!E72*0.5 -> 0.0138 | F72: ='Import Dependence'!F72*0.5+'Export Dependence'!F72*0.5 -> 0.014794744 | G72: ='Import Dependence'!G72*0.5+'Export Dependence'!G72*0.5 -> 0.0069556629 | H72: ='Import Dependence'!H72*0.5+'Export Dependence'!H72*0.5 -> 0.0081084393 | I72: ='Import Dependence'!I72*0.5+'Export Dependence'!I72*0.5 -> 0.020255584 | ... AN72: ='Import Dependence'!AN72*0.5+'Export Dependence'!AN72*0.5 -> 0.0148
A73: 2002 | B73: ='Import Dependence'!B73*0.5+'Export Dependence'!B73*0.5 -> 0.008 | C73: ='Import Dependence'!C73*0.5+'Export Dependence'!C73*0.5 -> 0.014138918 | D73: ='Import Dependence'!D73*0.5+'Export Dependence'!D73*0.5 -> 0.02525 | E73: ='Import Dependence'!E73*0.5+'Export Dependence'!E73*0.5 -> 0.0185 | F73: ='Import Dependence'!F73*0.5+'Export Dependence'!F73*0.5 -> 0.015712891 | G73: ='Import Dependence'!G73*0.5+'Export Dependence'!G73*0.5 -> 0.0097724682 | H73: ='Import Dependence'!H73*0.5+'Export Dependence'!H73*0.5 -> 0.012227485 | I73: ='Import Dependence'!I73*0.5+'Export Dependence'!I73*0.5 -> 0.021507637 | ... AN73: ='Import Dependence'!AN73*0.5+'Export Dependence'!AN73*0.5 -> 0.0377
A74: 2003 | B74: ='Import Dependence'!B74*0.5+'Export Dependence'!B74*0.5 -> 0.00685 | C74: ='Import Dependence'!C74*0.5+'Export Dependence'!C74*0.5 -> 0.014189678 | D74: ='Import Dependence'!D74*0.5+'Export Dependence'!D74*0.5 -> 0.0349 | E74: ='Import Dependence'!E74*0.5+'Export Dependence'!E74*0.5 -> 0.0134 | F74: ='Import Dependence'!F74*0.5+'Export Dependence'!F74*0.5 -> 0.018226783 | G74: ='Import Dependence'!G74*0.5+'Export Dependence'!G74*0.5 -> 0.017017966 | H74: ='Import Dependence'!H74*0.5+'Export Dependence'!H74*0.5 -> 0.014620544 | I74: ='Import Dependence'!I74*0.5+'Export Dependence'!I74*0.5 -> 0.02880486 | ... AN74: ='Import Dependence'!AN74*0.5+'Export Dependence'!AN74*0.5 -> 0.0821
A75: 2004 | B75: ='Import Dependence'!B75*0.5+'Export Dependence'!B75*0.5 -> 0.0217 | C75: ='Import Dependence'!C75*0.5+'Export Dependence'!C75*0.5 -> 0.013931317 | D75: ='Import Dependence'!D75*0.5+'Export Dependence'!D75*0.5 -> 0.0262 | E75: ='Import Dependence'!E75*0.5+'Export Dependence'!E75*0.5 -> 0.0162 | F75: ='Import Dependence'!F75*0.5+'Export Dependence'!F75*0.5 -> 0.019488791 | G75: ='Import Dependence'!G75*0.5+'Export Dependence'!G75*0.5 -> 0.01809231 | H75: ='Import Dependence'!H75*0.5+'Export Dependence'!H75*0.5 -> 0.019582119 | I75: ='Import Dependence'!I75*0.5+'Export Dependence'!I75*0.5 -> 0.021567524 | ... AN75: ='Import Dependence'!AN75*0.5+'Export Dependence'!AN75*0.5 -> 0.0991
A76: 2005 | B76: ='Import Dependence'!B76*0.5+'Export Dependence'!B76*0.5 -> 0.014 | C76: ='Import Dependence'!C76*0.5+'Export Dependence'!C76*0.5 -> 0.01826805 | D76: ='Import Dependence'!D76*0.5+'Export Dependence'!D76*0.5 -> 0.0326 | E76: ='Import Dependence'!E76*0.5+'Export Dependence'!E76*0.5 -> 0.0229 | F76: ='Import Dependence'!F76*0.5+'Export Dependence'!F76*0.5 -> 0.02173652 | G76: ='Import Dependence'!G76*0.5+'Export Dependence'!G76*0.5 -> 0.0258285 | H76: ='Import Dependence'!H76*0.5+'Export Dependence'!H76*0.5 -> 0.024073706 | I76: ='Import Dependence'!I76*0.5+'Export Dependence'!I76*0.5 -> 0.023969465 | ... AN76: ='Import Dependence'!AN76*0.5+'Export Dependence'!AN76*0.5 -> 0.0955
A77: 2006 | B77: ='Import Dependence'!B77*0.5+'Export Dependence'!B77*0.5 -> 0.0291 | C77: ='Import Dependence'!C77*0.5+'Export Dependence'!C77*0.5 -> 0.017351396 | D77: ='Import Dependence'!D77*0.5+'Export Dependence'!D77*0.5 -> 0.0265 | E77: ='Import Dependence'!E77*0.5+'Export Dependence'!E77*0.5 -> 0.0228 | F77: ='Import Dependence'!F77*0.5+'Export Dependence'!F77*0.5 -> 0.023420407 | G77: ='Import Dependence'!G77*0.5+'Export Dependence'!G77*0.5 -> 0.027611725 | H77: ='Import Dependence'!H77*0.5+'Export Dependence'!H77*0.5 -> 0.027443779 | I77: ='Import Dependence'!I77*0.5+'Export Dependence'!I77*0.5 -> 0.025145122 | ... AN77: ='Import Dependence'!AN77*0.5+'Export Dependence'!AN77*0.5 -> 0.1093
A78: 2007 | B78: ='Import Dependence'!B78*0.5+'Export Dependence'!B78*0.5 -> 0.03345 | C78: ='Import Dependence'!C78*0.5+'Export Dependence'!C78*0.5 -> 0.019285496 | D78: ='Import Dependence'!D78*0.5+'Export Dependence'!D78*0.5 -> 0.03145 | E78: ='Import Dependence'!E78*0.5+'Export Dependence'!E78*0.5 -> 0.02525 | F78: ='Import Dependence'!F78*0.5+'Export Dependence'!F78*0.5 -> 0.026329268 | G78: ='Import Dependence'!G78*0.5+'Export Dependence'!G78*0.5 -> 0.016697875 | H78: ='Import Dependence'!H78*0.5+'Export Dependence'!H78*0.5 -> 0.031762087 | I78: ='Import Dependence'!I78*0.5+'Export Dependence'!I78*0.5 -> 0.030211426 | ... AN78: ='Import Dependence'!AN78*0.5+'Export Dependence'!AN78*0.5 -> 0.09155
A79: 2008 | B79: ='Import Dependence'!B79*0.5+'Export Dependence'!B79*0.5 -> 0.04715 | C79: ='Import Dependence'!C79*0.5+'Export Dependence'!C79*0.5 -> 0.020670949 | D79: ='Import Dependence'!D79*0.5+'Export Dependence'!D79*0.5 -> 0.04205 | E79: ='Import Dependence'!E79*0.5+'Export Dependence'!E79*0.5 -> 0.0279 | F79: ='Import Dependence'!F79*0.5+'Export Dependence'!F79*0.5 -> 0.026473437 | G79: ='Import Dependence'!G79*0.5+'Export Dependence'!G79*0.5 -> 0.018666387 | H79: ='Import Dependence'!H79*0.5+'Export Dependence'!H79*0.5 -> 0.032212754 | I79: ='Import Dependence'!I79*0.5+'Export Dependence'!I79*0.5 -> 0.029968595 | ... AN79: ='Import Dependence'!AN79*0.5+'Export Dependence'!AN79*0.5 -> 0.09615
A80: 2009 | B80: ='Import Dependence'!B80*0.5+'Export Dependence'!B80*0.5 -> 0.0571 | C80: ='Import Dependence'!C80*0.5+'Export Dependence'!C80*0.5 -> 0.022154347 | D80: ='Import Dependence'!D80*0.5+'Export Dependence'!D80*0.5 -> 0.0459 | E80: ='Import Dependence'!E80*0.5+'Export Dependence'!E80*0.5 -> 0.0312 | F80: ='Import Dependence'!F80*0.5+'Export Dependence'!F80*0.5 -> 0.029051167 | G80: ='Import Dependence'!G80*0.5+'Export Dependence'!G80*0.5 -> 0.017610234 | H80: ='Import Dependence'!H80*0.5+'Export Dependence'!H80*0.5 -> 0.036009493 | I80: ='Import Dependence'!I80*0.5+'Export Dependence'!I80*0.5 -> 0.033536072 | ... AN80: ='Import Dependence'!AN80*0.5+'Export Dependence'!AN80*0.5 -> 0.13495
A81: 2010 | B81: ='Import Dependence'!B81*0.5+'Export Dependence'!B81*0.5 -> 0.06965 | C81: ='Import Dependence'!C81*0.5+'Export Dependence'!C81*0.5 -> 0.025212965 | D81: ='Import Dependence'!D81*0.5+'Export Dependence'!D81*0.5 -> 0.05155 | E81: ='Import Dependence'!E81*0.5+'Export Dependence'!E81*0.5 -> 0.035 | F81: ='Import Dependence'!F81*0.5+'Export Dependence'!F81*0.5 -> 0.030196722 | G81: ='Import Dependence'!G81*0.5+'Export Dependence'!G81*0.5 -> 0.018842266 | H81: ='Import Dependence'!H81*0.5+'Export Dependence'!H81*0.5 -> 0.03743419 | I81: ='Import Dependence'!I81*0.5+'Export Dependence'!I81*0.5 -> 0.033718328 | ... AN81: ='Import Dependence'!AN81*0.5+'Export Dependence'!AN81*0.5 -> 0.1773
A82: 2011 | B82: ='Import Dependence'!B82*0.5+'Export Dependence'!B82*0.5 -> 0.05415 | C82: ='Import Dependence'!C82*0.5+'Export Dependence'!C82*0.5 -> 0.025036487 | D82: ='Import Dependence'!D82*0.5+'Export Dependence'!D82*0.5 -> 0.03915 | E82: ='Import Dependence'!E82*0.5+'Export Dependence'!E82*0.5 -> 0.0331 | F82: ='Import Dependence'!F82*0.5+'Export Dependence'!F82*0.5 -> 0.032684859 | G82: ='Import Dependence'!G82*0.5+'Export Dependence'!G82*0.5 -> 0.021746587 | H82: ='Import Dependence'!H82*0.5+'Export Dependence'!H82*0.5 -> 0.037438266 | I82: ='Import Dependence'!I82*0.5+'Export Dependence'!I82*0.5 -> 0.030946116 | ... AN82: ='Import Dependence'!AN82*0.5+'Export Dependence'!AN82*0.5 -> 0.1304
... A88: 2017 | B88: ='Import Dependence'!B88*0.5+'Export Dependence'!B88*0.5 -> 0.08445 | C88: ='Import Dependence'!C88*0.5+'Export Dependence'!C88*0.5 -> 0.029743335 | D88: ='Import Dependence'!D88*0.5+'Export Dependence'!D88*0.5 -> 0.064 | E88: ='Import Dependence'!E88*0.5+'Export Dependence'!E88*0.5 -> 0.0459 | F88: ='Import Dependence'!F88*0.5+'Export Dependence'!F88*0.5 -> 0.031505617 | G88: ='Import Dependence'!G88*0.5+'Export Dependence'!G88*0.5 -> 0.030601662 | H88: ='Import Dependence'!H88*0.5+'Export Dependence'!H88*0.5 -> 0.020502255 | I88: ='Import Dependence'!I88*0.5+'Export Dependence'!I88*0.5 -> 0.046680224 | ... AN88: ='Import Dependence'!AN88*0.5+'Export Dependence'!AN88*0.5 -> 0.20445

Sheet Import HHI Hierarchy Scores
B1: Armenia | C1: Austria | D1: Azerbaijan | E1: Belarus | F1: Belgium | G1: Bulgaria | H1: Croatia | I1: Cyprus | J1: Czech | K1: Denmark | L1: Estonia | M1: Finland | N1: France | O1: Georgia | P1: Germany | Q1: Greece | R1: Hungary | S1: Ireland | T1: Italy | U1: Kazakhstan | V1: Kyrgyzstan | W1: latvia | X1: Lithuania | Y1: Luxembourg | Z1: Malta | AA1: Moldova | AB1: Netherlands | AC1: Poland | AD1: Portugal | AE1: Romania | AF1: Slovakia | AG1: Slovenia | AH1: Spain | AI1: Sweden | AJ1: Tajikistan | AK1: Turkmenistan | AL1: UK | AM1: Ukraine | AN1: Uzbekistan
A2: 1991 | B2: 0 | C2: 0 | D2: 0 | E2: 0 | F2: 0 | G2: 0 | H2: 0 | I2: 0 | J2: 0 | K2: 0 | L2: 0 | M2: 0 | N2: 0 | O2: 0 | P2: 0 | Q2: 0 | R2: 0 | S2: 0.5 | T2: 0 | U2: 0 | V2: 0 | W2: 0 | X2: 0 | Y2: 0 | Z2: 0 | AA2: 0 | AB2: 0 | AC2: 0 | AD2: 0 | AE2: 0 | AF2: 0 | AG2: 0 | AH2: 0 | AI2: 0 | AJ2: 0 | AK2: 0 | AL2: 0 | AM2: 0 | AN2: 0
A3: 1992 | B3: 0 | C3: 0 | D3: 0 | E3: 0 | F3: 0 | G3: 0 | H3: 0 | I3: 0 | J3: 0 | K3: 0 | L3: 0 | M3: 0 | N3: 0 | O3: 0 | P3: 0 | Q3: 0 | R3: 0 | S3: 1 | T3: 0 | U3: 0 | V3: 0 | W3: 0 | X3: 0 | Y3: 0 | Z3: 0 | AA3: 0 | AB3: 0 | AC3: 0 | AD3: 0 | AE3: 0 | AF3: 0 | AG3: 0 | AH3: 0 | AI3: 0 | AJ3: 0 | AK3: 0 | AL3: 0 | AM3: 0 | AN3: 0
A4: 1993 | B4: 0 | C4: 0 | D4: 0 | E4: 0 | F4: 0 | G4: 0 | H4: 0 | I4: 0 | J4: 0 | K4: 0 | L4: 0 | M4: 0 | N4: 0 | O4: 0 | P4: 0 | Q4: 0 | R4: 0 | S4: 0.5 | T4: 0 | U4: 0 | V4: 0 | W4: 0 | X4: 0 | Y4: 0 | Z4: 0 | AA4: 0 | AB4: 0 | AC4: 0 | AD4: 0 | AE4: 0 | AF4: 0 | AG4: 0 | AH4: 0 | AI4: 0 | AJ4: 0 | AK4: 0 | AL4: 0 | AM4: 0 | AN4: 0
A5: 1994 | B5: 0 | C5: 0 | D5: 0 | E5: 0 | F5: 0 | G5: 0 | H5: 0 | I5: 0 | J5: 0 | K5: 0 | L5: 0 | M5: 0 | N5: 0 | O5: 0 | P5: 0 | Q5: 0 | R5: 0 | S5: 0.5 | T5: 0 | U5: 0 | V5: 0 | W5: 0 | X5: 0 | Y5: 0 | Z5: 0 | AA5: 0 | AB5: 0 | AC5: 0 | AD5: 0 | AE5: 0 | AF5: 0 | AG5: 0 | AH5: 0 | AI5: 0 | AJ5: 0 | AK5: 0 | AL5: 0 | AM5: 0 | AN5: 0
A6: 1995 | B6: 0.5 | C6: 0.5 | D6: 0.5 | E6: 0 | F6: 0 | G6: 0 | H6: 0 | I6: 0 | J6: 0 | K6: 0 | L6: 0 | M6: 0 | N6: 0 | O6: 0 | P6: 0 | Q6: 0 | R6: 0 | S6: 0.5 | T6: 0 | U6: 0 | V6: 0 | W6: 0 | X6: 0 | Y6: 0 | Z6: 0 | AA6: 0 | AB6: 0 | AC6: 0 | AD6: 0 | AE6: 0 | AF6: 0 | AG6: 0 | AH6: 0 | AI6: 0 | AJ6: 0 | AK6: 0 | AL6: 0 | AM6: 0 | AN6: 0
A7: 1996 | B7: 0 | C7: 0.5 | D7: 0 | E7: 0 | F7: 0 | G7: 0 | H7: 0 | I7: 0 | J7: 0 | K7: 0 | L7: 0 | M7: 0 | N7: 0 | O7: 0 | P7: 0 | Q7: 0 | R7: 0 | S7: 0.5 | T7: 0 | U7: 1 | V7: 0 | W7: 0 | X7: 0 | Y7: 0 | Z7: 0 | AA7: 0 | AB7: 0 | AC7: 0 | AD7: 0 | AE7: 0 | AF7: 0 | AG7: 0 | AH7: 0 | AI7: 0 | AJ7: 1 | AK7: 0.5 | AL7: 0 | AM7: 1 | AN7: 0
A8: 1997 | B8: 0 | C8: 0.5 | D8: 0 | E8: 0.5 | F8: 0 | G8: 0 | H8: 0 | I8: 0 | J8: 0 | K8: 0 | L8: 0 | M8: 0 | N8: 0 | O8: 0 | P8: 0 | Q8: 0 | R8: 0 | S8: 0.5 | T8: 0 | U8: 1 | V8: 0.5 | W8: 0 | X8: 0 | Y8: 0 | Z8: 0 | AA8: 0 | AB8: 0 | AC8: 0 | AD8: 0 | AE8: 0 | AF8: 0 | AG8: 0 | AH8: 0 | AI8: 0 | AJ8: 0.5 | AK8: 0 | AL8: 0 | AM8: 0.5 | AN8: 0
A9: 1998 | B9: 0 | C9: 0.5 | D9: 0 | E9: 1 | F9: 0 | G9: 0 | H9: 0 | I9: 0 | J9: 0 | K9: 0 | L9: 0 | M9: 0 | N9: 0 | O9: 0 | P9: 0 | Q9: 0 | R9: 0 | S9: 0.5 | T9: 0 | U9: 0.5 | V9: 0.5 | W9: 0 | X9: 0 | Y9: 0 | Z9: 0 | AA9: 0 | AB9: 0 | AC9: 0 | AD9: 0 | AE9: 0 | AF9: 0 | AG9: 0 | AH9: 0 | AI9: 0 | AJ9: 0 | AK9: 0 | AL9: 0 | AM9: 0.5 | AN9: 0
A10: 1999 | B10: 0 | C10: 0.5 | D10: 0 | E10: 1 | F10: 0 | G10: 0 | H10: 0 | I10: 0 | J10: 0 | K10: 0 | L10: 0 | M10: 0 | N10: 0 | O10: 0 | P10: 0 | Q10: 0 | R10: 0 | S10: 0.5 | T10: 0 | U10: 0.5 | V10: 0 | W10: 0 | X10: 0 | Y10: 0.5 | Z10: 0 | AA10: 0 | AB10: 0 | AC10: 0 | AD10: 0 | AE10: 0 | AF10: 0 | AG10: 0 | AH10: 0 | AI10: 0 | AJ10: 0.5 | AK10: 0 | AL10: 0 | AM10: 0.5 | AN10: 0
A11: 2000 | B11: 0 | C11: 0.5 | D11: 0 | E11: 1 | F11: 0 | G11: 0 | H11: 0 | I11: 0 | J11: 0 | K11: 0 | L11: 0 | M11: 0 | N11: 0 | O11: 0 | P11: 0 | Q11: 0 | R11: 0 | S11: 0.5 | T11: 0 | U11: 0.5 | V11: 0 | W11: 0 | X11: 0 | Y11: 0.5 | Z11: 0 | AA11: 0 | AB11: 0 | AC11: 0 | AD11: 0 | AE11: 0 | AF11: 0 | AG11: 0 | AH11: 0 | AI11: 0 | AJ11: 0.5 | AK11: 0 | AL11: 0 | AM11: 0.5 | AN11: 0
A12: 2001 | B12: 0 | C12: 0.5 | D12: 0 | E12: 1 | F12: 0 | G12: 0 | H12: 0 | I12: 0 | J12: 0 | K12: 0 | L12: 0 | M12: 0 | N12: 0 | O12: 0 | P12: 0 | Q12: 0 | R12: 0 | S12: 0.5 | T12: 0 | U12: 0.5 | V12: 0 | W12: 0 | X12: 0 | Y12: 0.5 | Z12: 0 | AA12: 0 | AB12: 0 | AC12: 0 | AD12: 0 | AE12: 0 | AF12: 0 | AG12: 0 | AH12: 0 | AI12: 0 | AJ12: 0 | AK12: 0 | AL12: 0 | AM12: 0 | AN12: 0
A13: 2002 | B13: 0 | C13: 0.5 | D13: 0 | E13: 1 | F13: 0 | G13: 0 | H13: 0 | I13: 0 | J13: 0 | K13: 0 | L13: 0 | M13: 0 | N13: 0 | O13: 0 | P13: 0 | Q13: 0 | R13: 0 | S13: 0.5 | T13: 0 | U13: 0.5 | V13: 0 | W13: 0 | X13: 0 | Y13: 0.5 | Z13: 0 | AA13: 0 | AB13: 0 | AC13: 0 | AD13: 0 | AE13: 0 | AF13: 0 | AG13: 0 | AH13: 0 | AI13: 0 | AJ13: 0 | AK13: 0 | AL13: 0 | AM13: 0 | AN13: 0
... A28: 2017 | B28: 0 | C28: 0.5 | D28: 0 | E28: 1 | F28: 0 | G28: 0 | H28: 0 | I28: 0 | J28: 0 | K28: 0 | L28: 0 | M28: 0 | N28: 0 | O28: 0 | P28: 0 | Q28: 0 | R28: 0 | S28: 0.5 | T28: 0 | U28: 0.5 | V28: 1 | W28: 0 | X28: 0 | Y28: 0.5 | Z28: 0 | AA28: 0 | AB28: 0 | AC28: 0 | AD28: 0 | AE28: 0 | AF28: 0 | AG28: 0 | AH28: 0 | AI28: 0 | AJ28: 1 | AK28: 0 | AL28: 0 | AM28: 0 | AN28: 0

Sheet Export HHI Hierarchy Scores
B1: Armenia | C1: Austria | D1: Azerbaijan | E1: Belarus | F1: Belgium | G1: Bulgaria | H1: Croatia | I1: Cyprus | J1: Czech | K1: Denmark | L1: Estonia | M1: Finland | N1: France | O1: Georgia | P1: Germany | Q1: Greece | R1: Hungary | S1: Ireland | T1: Italy | U1: Kazakhstan | V1: Kyrgyzstan | W1: latvia | X1: Lithuania | Y1: Luxembourg | Z1: Malta | AA1: Moldova | AB1: Netherlands | AC1: Poland | AD1: Portugal | AE1: Romania | AF1: Slovakia | AG1: Slovenia | AH1: Spain | AI1: Sweden | AJ1: Tajikistan | AK1: Turkmenistan | AL1: UK | AM1: Ukraine | AN1: Uzbekistan
A2: 1991 | B2: 0 | C2: 0 | D2: 0 | E2: 0 | F2: 0 | G2: 0 | H2: 0 | I2: 0 | J2: 0 | K2: 0 | L2: 0 | M2: 0 | N2: 0 | O2: 0 | P2: 0 | Q2: 0 | R2: 0 | S2: 0 | T2: 0 | U2: 0 | V2: 0 | W2: 0 | X2: 0 | Y2: 0 | Z2: 0 | AA2: 0 | AB2: 0 | AC2: 0 | AD2: 0 | AE2: 0 | AF2: 0 | AG2: 0 | AH2: 0 | AI2: 0 | AJ2: 0 | AK2: 0 | AL2: 0 | AM2: 0 | AN2: 0
A3: 1992 | B3: 0 | C3: 0 | D3: 0 | E3: 0 | F3: 0 | G3: 0 | H3: 0 | I3: 0 | J3: 0 | K3: 0 | L3: 0 | M3: 0 | N3: 0 | O3: 0 | P3: 0 | Q3: 0 | R3: 0 | S3: 0 | T3: 0 | U3: 0 | V3: 0 | W3: 0 | X3: 0 | Y3: 0 | Z3: 0 | AA3: 0 | AB3: 0 | AC3: 0 | AD3: 0 | AE3: 0 | AF3: 0 | AG3: 0 | AH3: 0 | AI3: 0 | AJ3: 0 | AK3: 0 | AL3: 0 | AM3: 0 | AN3: 0
A4: 1993 | B4: 0 | C4: 0 | D4: 0 | E4: 0 | F4: 0 | G4: 0 | H4: 0 | I4: 0 | J4: 0 | K4: 0 | L4: 0 | M4: 0 | N4: 0 | O4: 0 | P4: 0 | Q4: 0 | R4: 0 | S4: 0 | T4: 0 | U4: 0 | V4: 0 | W4: 0 | X4: 0 | Y4: 0 | Z4: 0 | AA4: 0 | AB4: 0 | AC4: 0 | AD4: 0 | AE4: 0 | AF4: 0 | AG4: 0 | AH4: 0 | AI4: 0 | AJ4: 0 | AK4: 0 | AL4: 0 | AM4: 0 | AN4: 0
A5: 1994 | B5: 0 | C5: 0 | D5: 0 | E5: 0 | F5: 0 | G5: 0 | H5: 0 | I5: 0 | J5: 0 | K5: 0 | L5: 0 | M5: 0 | N5: 0 | O5: 0 | P5: 0 | Q5: 0 | R5: 0 | S5: 0 | T5: 0 | U5: 0 | V5: 0 | W5: 0 | X5: 0 | Y5: 0 | Z5: 0 | AA5: 0 | AB5: 0 | AC5: 0 | AD5: 0 | AE5: 0 | AF5: 0 | AG5: 0 | AH5: 0 | AI5: 0 | AJ5: 0 | AK5: 0 | AL5: 0 | AM5: 0 | AN5: 0
A6: 1995 | B6: 1 | C6: 0.5 | D6: 0 | E6: 0 | F6: 0 | G6: 0 | H6: 0 | I6: 0 | J6: 0 | K6: 0 | L6: 0 | M6: 0 | N6: 0 | O6: 1 | P6: 0 | Q6: 0 | R6: 0 | S6: 0 | T6: 0 | U6: 0 | V6: 0.5 | W6: 0 | X6: 0 | Y6: 0 | Z6: 0 | AA6: 0.5 | AB6: 0 | AC6: 0 | AD6: 0 | AE6: 0 | AF6: 0 | AG6: 0 | AH6: 0 | AI6: 0 | AJ6: 0 | AK6: 0 | AL6: 0 | AM6: 0 | AN6: 0
A7: 1996 | B7: 1 | C7: 0.5 | D7: 0.5 | E7: 0 | F7: 0 | G7: 0 | H7: 0 | I7: 0 | J7: 0 | K7: 0 | L7: 0 | M7: 0 | N7: 0 | O7: 0 | P7: 0 | Q7: 0 | R7: 0 | S7: 0 | T7: 0 | U7: 1 | V7: 0.5 | W7: 0 | X7: 0 | Y7: 0 | Z7: 0 | AA7: 1 | AB7: 0 | AC7: 0 | AD7: 0 | AE7: 0 | AF7: 0 | AG7: 0 | AH7: 0 | AI7: 0 | AJ7: 0 | AK7: 0.5 | AL7: 0 | AM7: 0 | AN7: 0
A8: 1997 | B8: 0.5 | C8: 0 | D8: 0 | E8: 0 | F8: 0 | G8: 0 | H8: 0 | I8: 0 | J8: 0 | K8: 0 | L8: 0 | M8: 0 | N8: 0 | O8: 0.5 | P8: 0 | Q8: 0 | R8: 0 | S8: 0 | T8: 0 | U8: 1 | V8: 1 | W8: 0 | X8: 0 | Y8: 0 | Z8: 0 | AA8: 1 | AB8: 0 | AC8: 0 | AD8: 0 | AE8: 0 | AF8: 0 | AG8: 0 | AH8: 0 | AI8: 0 | AJ8: 0.5 | AK8: 1 | AL8: 0 | AM8: 0 | AN8: 0
A9: 1998 | B9: 0.5 | C9: 0.5 | D9: 0 | E9: 1 | F9: 0 | G9: 0 | H9: 0 | I9: 0 | J9: 0 | K9: 0 | L9: 0 | M9: 0 | N9: 0 | O9: 0 | P9: 0 | Q9: 0 | R9: 0 | S9: 0 | T9: 0 | U9: 0.5 | V9: 1 | W9: 0 | X9: 0 | Y9: 0 | Z9: 0 | AA9: 0.5 | AB9: 0 | AC9: 0 | AD9: 0 | AE9: 0 | AF9: 0 | AG9: 0 | AH9: 0 | AI9: 0 | AJ9: 0 | AK9: 0 | AL9: 0 | AM9: 0 | AN9: 0
A10: 1999 | B10: 0 | C10: 0 | D10: 0 | E10: 1 | F10: 0 | G10: 0 | H10: 0 | I10: 0 | J10: 0.5 | K10: 0 | L10: 0 | M10: 0 | N10: 0 | O10: 0 | P10: 0 | Q10: 0 | R10: 0.5 | S10: 0 | T10: 0 | U10: 0 | V10: 1 | W10: 0 | X10: 0 | Y10: 0 | Z10: 0 | AA10: 0.5 | AB10: 0 | AC10: 0 | AD10: 0 | AE10: 0 | AF10: 0 | AG10: 0 | AH10: 0 | AI10: 0 | AJ10: 0.5 | AK10: 1 | AL10: 0 | AM10: 0 | AN10: 0
A11: 2000 | B11: 0 | C11: 0 | D11: 0 | E11: 1 | F11: 0 | G11: 0 | H11: 0 | I11: 0 | J11: 0.5 | K11: 0 | L11: 0.5 | M11: 0 | N11: 0 | O11: 0 | P11: 0 | Q11: 0 | R11: 0.5 | S11: 0 | T11: 0 | U11: 0 | V11: 0.5 | W11: 0 | X11: 0 | Y11: 0 | Z11: 0 | AA11: 0.5 | AB11: 0 | AC11: 0 | AD11: 0 | AE11: 0 | AF11: 0 | AG11: 0 | AH11: 0 | AI11: 0 | AJ11: 1 | AK11: 1 | AL11: 0 | AM11: 0 | AN11: 0
A12: 2001 | B12: 0 | C12: 0 | D12: 0.5 | E12: 1 | F12: 0 | G12: 0 | H12: 0 | I12: 0 | J12: 0.5 | K12: 0 | L12: 0.5 | M12: 0 | N12: 0 | O12: 0 | P12: 0 | Q12: 0 | R12: 0.5 | S12: 0 | T12: 0 | U12: 0 | V12: 0.5 | W12: 0 | X12: 0 | Y12: 0 | Z12: 0 | AA12: 0.5 | AB12: 0 | AC12: 0 | AD12: 0 | AE12: 0 | AF12: 0 | AG12: 0 | AH12: 0 | AI12: 0 | AJ12: 0.5 | AK12: 1 | AL12: 0 | AM12: 0 | AN12: 0
A13: 2002 | B13: 0 | C13: 0 | D13: 0 | E13: 0.5 | F13: 0 | G13: 0 | H13: 0 | I13: 0 | J13: 0.5 | K13: 0 | L13: 0 | M13: 0 | N13: 0 | O13: 0 | P13: 0 | Q13: 0 | R13: 0.5 | S13: 0 | T13: 0 | U13: 0 | V13: 0 | W13: 0 | X13: 0 | Y13: 0 | Z13: 0 | AA13: 0 | AB13: 0 | AC13: 0 | AD13: 0 | AE13: 0 | AF13: 0 | AG13: 0 | AH13: 0 | AI13: 0 | AJ13: 0 | AK13: 1 | AL13: 0 | AM13: 0 | AN13: 0
... A28: 2017 | B28: 0 | C28: 0 | D28: 0 | E28: 0.5 | F28: 0 | G28: 0 | H28: 0 | I28: 0 | J28: 0 | K28: 0 | L28: 0 | M28: 0 | N28: 0 | O28: 0 | P28: 0 | Q28: 0 | R28: 0 | S28: 0 | T28: 0 | U28: 0 | V28: 0 | W28: 0 | X28: 0 | Y28: 0 | Z28: 0 | AA28: 0 | AB28: 0 | AC28: 0 | AD28: 0 | AE28: 0 | AF28: 0 | AG28: 0 | AH28: 0 | AI28: 0 | AJ28: 0.5 | AK28: 1 | AL28: 0 | AM28: 0 | AN28: 1

Sheet Import Dependence
A1: US | B1: Armenia | C1: Austria | D1: Azerbaijan | E1: Belarus | F1: Belgium | G1: Bulgaria | H1: Croatia | I1: Cyprus | J1: Czech | K1: Denmark | L1: Estonia | M1: Finland | N1: France | O1: Georgia | P1: Germany | Q1: Greece | R1: Hungary | S1: Ireland | T1: Italy | U1: Kazakhstan | V1: Kyrgyzstan | W1: latvia | X1: Lithuania | Y1: Luxembourg | Z1: Malta | AA1: Moldova | AB1: Netherlands | AC1: Poland | AD1: Portugal | AE1: Romania | AF1: Slovakia | AG1: Slovenia | AH1: Spain | AI1: Sweden | AJ1: Tajikistan | AK1: Turkmenistan | AL1: UK | AM1: Ukraine | AN1: Uzbekistan
A2: 1991
A3: 1992
A4: 1993
A5: 1994
A6: 1995 | B6: 0.316 | D6: 0.0703 | E6: 0.0146 | O6: 0.1852 | U6: 0.0175 | V6: 0.0598 | AA6: 0.0181 | AJ6: 0.1121 | AK6: 0.0973 | AM6: 0.0231 | AN6: 0.0134
A7: 1996 | B7: 0.1396 | D7: 0.0313 | E7: 0.0111 | O7: 0.0755 | U7: 0.0112 | V7: 0.0486 | AA7: 0.0308 | AJ7: 0.0532 | AK7: 0.1803 | AM7: 0.0355 | AN7: 0.0801
A8: 1997 | B8: 0.1443 | D8: 0.0357 | E8: 0.0055 | O8: 0.0784 | U8: 0.0171 | V8: 0.0471 | AA8: 0.0088 | AJ8: 0.0564 | AK8: 0.1005 | AM8: 0.0369 | AN8: 0.0538
A9: 1998 | B9: 0.0749 | D9: 0.0554 | E9: 0.0156 | O9: 0.0906 | U9: 0.0103 | V9: 0.0269 | AA9: 0.0321 | AJ9: 0.0341 | AK9: 0.0206 | AM9: 0.0401 | AN9: 0.047
A10: 1999 | B10: 0.1291 | D10: 0.0763 | E10: 0.0223 | O10: 0.1228 | U10: 0.0088 | V10: 0.025 | AA10: 0.0318 | AJ10: 0.0416 | AK10: 0.0122 | AM10: 0.0351 | AN10: 0.149
A11: 2000 | B11: 0.1238 | C11: 0.040798753 | D11: 0.1675 | E11: 0.014 | F11: 0.074918067 | G11: 0.029251967 | I11: 0.060687857 | J11: 0.040690534 | K11: 0.042597606 | L11: 0.021922147 | M11: 0.048215826 | N11: 0.072710257 | O11: 0.1049 | P11: 0.0725365 | Q11: 0.032294508 | R11: 0.038135515 | S11: 0.16111696 | T11: 0.052288506 | U11: 0.0519 | V11: 0.0847 | W11: 0.019867088 | X11: 0.024587013 | Y11: 0.034318016 | Z11: 0.10629303 | AA11: 0.0515 | AB11: 0.10168298 | AC11: 0.044639452 | AD11: 0.029571952 | AE11: 0.03017852 | AF11: 0.020131996 | AG11: 0.029680827 | AH11: 0.043805394 | AI11: 0.070423361 | AJ11: 0.033 | AK11: 0.0826 | AL11: 0.13139164 | AM11: 0.0252 | AN11: 0.0821
A12: 2001 | B12: 0.1029 | C12: 0.038428231 | D12: 0.1282 | E12: 0.0151 | F12: 0.069903123 | G12: 0.026215727 | I12: 0.074847879 | J12: 0.038708962 | K12: 0.04690905 | L12: 0.022918238 | M12: 0.041975697 | N12: 0.073511448 | O12: 0.1143 | P12: 0.070044242 | Q12: 0.03193103 | R12: 0.042286244 | S12: 0.14981917 | T12: 0.048876614 | U12: 0.0539 | V12: 0.0551 | W12: 0.018432445 | X12: 0.0314234 | Y12: 0.051875952 | Z12: 0.12347745 | AA12: 0.0289 | AB12: 0.099035683 | AC12: 0.033965163 | AD12: 0.036313865 | AE12: 0.031724869 | AF12: 0.019078233 | AG12: 0.02940386 | AH12: 0.038673972 | AI12: 0.058940907 | AJ12: 0.0669 | AK12: 0.2318 | AL12: 0.13297978 | AM12: 0.0264 | AN12: 0.0636
A13: 2002 | B13: 0.1185 | C13: 0.035179914 | D13: 0.0491 | E13: 0.0113 | F13: 0.065870058 | G13: 0.021694515 | I13: 0.03777107 | J13: 0.031979015 | K13: 0.037491203 | L13: 0.031088236 | M13: 0.036753994 | N13: 0.06807234 | O13: 0.1064 | P13: 0.062906358 | Q13: 0.038794853 | R13: 0.036989377 | S13: 0.15795178 | T13: 0.048033699 | U13: 0.0679 | V13: 0.0778 | W13: 0.015666481 | X13: 0.028771495 | Y13: 0.040038538 | Z13: 0.099592886 | AA13: 0.0386 | AB13: 0.090428949 | AC13: 0.033045777 | AD13: 0.020804175 | AE13: 0.030243926 | AF13: 0.021116499 | AG13: 0.028903804 | AH13: 0.034399171 | AI13: 0.052831182 | AJ13: 0.0359 | AK13: 0.0461 | AL13: 0.11451564 | AM13: 0.029 | AN13: 0.0663
A14: 2003 | B14: 0.113 | C14: 0.022449021 | D14: 0.0443 | E14: 0.0182 | F14: 0.059534888 | G14: 0.025616109 | I14: 0.04374279 | J14: 0.03110217 | K14: 0.030828175 | L14: 0.031725295 | M14: 0.036956873 | N14: 0.052803061 | O14: 0.0883 | P14: 0.058489638 | Q14: 0.052612479 | R14: 0.032174321 | S14: 0.15619511 | T14: 0.039053935 | U14: 0.0519 | V14: 0.0489 | W14: 0.017344349 | X14: 0.030226063 | Y14: 0.017800373 | Z14: 0.085038066 | AA14: 0.021 | AB14: 0.079625363 | AC14: 0.026210401 | AD14: 0.018601963 | AE14: 0.023254178 | AF14: 0.019220096 | AG14: 0.024174197 | AH14: 0.029927078 | AI14: 0.042702458 | AJ14: 0.0333 | AK14: 0.0236 | AL14: 0.10253356 | AM14: 0.0197 | AN14: 0.1058
A15: 2004 | B15: 0.0718 | C15: 0.019298956 | D15: 0.0371 | E15: 0.0104 | F15: 0.057549452 | G15: 0.021928165 | I15: 0.024358514 | J15: 0.01884363 | K15: 0.036337409 | L15: 0.016719775 | M15: 0.032643522 | N15: 0.050454829 | O15: 0.0895 | P15: 0.055418606 | Q15: 0.034004482 | R15: 0.021591701 | S15: 0.13606576 | T15: 0.034976774 | U15: 0.041 | V15: 0.0361 | W15: 0.013168408 | X15: 0.01574457 | Y15: 0.029860728 | Z15: 0.056090616 | AA15: 0.0173 | AB15: 0.079168561 | AC15: 0.015844283 | AD15: 0.023929879 | AE15: 0.028620184 | AF15: 0.010987383 | AG15: 0.012396073 | AH15: 0.028718257 | AI15: 0.037159631 | AJ15: 0.0538 | AK15: 0.1423 | AL15: 0.092935807 | AM15: 0.0187 | AN15: 0.0742
A16: 2005 | B16: 0.056 | C16: 0.022364201 | D16: 0.0304 | E16: 0.0135 | F16: 0.053510989 | G16: 0.029161097 | I16: 0.015556131 | J16: 0.014862764 | K16: 0.027178697 | L16: 0.015070022 | M16: 0.027827266 | N16: 0.050531782 | O16: 0.0665 | P16: 0.051202102 | Q16: 0.024635111 | R16: 0.016441502 | S16: 0.13794501 | T16: 0.034657676 | U16: 0.0654 | V16: 0.0464 | W16: 0.010621168 | X16: 0.019535763 | Y16: 0.031528602 | Z16: 0.054000217 | AA16: 0.0178 | AB16: 0.075859757 | AC16: 0.012078469 | AD16: 0.020799449 | AE16: 0.027397989 | AF16: 0.0077908322 | AG16: 0.0090996407 | AH16: 0.026409097 | AI16: 0.035950797 | AJ16: 0.0125 | AK16: 0.1032 | AL16: 0.070305326 | AM16: 0.0185 | AN16: 0.0142
A17: 2006 | B17: 0.0473 | C17: 0.022410054 | D17: 0.0346 | E17: 0.0118 | F17: 0.054737421 | G17: 0.024097942 | I17: 0.015204987 | J17: 0.01363205 | K17: 0.029032452 | L17: 0.011574439 | M17: 0.025029402 | N17: 0.045719198 | O17: 0.0505 | P17: 0.046758723 | Q17: 0.02057311 | R17: 0.014133325 | S17: 0.11502014 | T17: 0.030385958 | U17: 0.045 | V17: 0.0507 | W17: 0.0092424401 | X17: 0.016128721 | Y17: 0.029511517 | Z17: 0.051999857 | AA17: 0.012 | AB17: 0.077969501 | AC17: 0.013091403 | AD17: 0.01386983 | AE17: 0.024338387 | AF17: 0.0063923887 | AG17: 0.010380562 | AH17: 0.026953626 | AI17: 0.034740654 | AJ17: 0.0082 | AK17: 0.0614 | AL17: 0.069290698 | AM17: 0.0187 | AN17: 0.0073
A18: 2007 | B18: 0.0421 | C18: 0.022308749 | D18: 0.0345 | E18: 0.0126 | F18: 0.055576753 | G18: 0.01091027 | I18: 0.012177638 | J18: 0.013013125 | K18: 0.03221554 | L18: 0.011755624 | M18: 0.022453318 | N18: 0.043403471 | O18: 0.0495 | P18: 0.045176632 | Q18: 0.029299262 | R18: 0.013755022 | S18: 0.11219598 | T18: 0.029213482 | U18: 0.0471 | V18: 0.0255 | W18: 0.011493576 | X18: 0.022050924 | Y18: 0.035361389 | Z18: 0.052327354 | AA18: 0.0126 | AB18: 0.073121907 | AC18: 0.012792499 | AD18: 0.015916624 | AE18: 0.01342168 | AF18: 0.0051818439 | AG18: 0.012169572 | AH18: 0.029442905 | AI18: 0.031117863 | AJ18: 0.012 | AK18: 0.0716 | AL18: 0.074083275 | AM18: 0.0222 | AN18: 0.0064
A19: 2008 | B19: 0.0406 | C19: 0.017906547 | D19: 0.0247 | E19: 0.0109 | F19: 0.055481375 | G19: 0.010744934 | I19: 0.017102489 | J19: 0.012086732 | K19: 0.030702032 | L19: 0.010630149 | M19: 0.020065021 | N19: 0.042273563 | O19: 0.0519 | P19: 0.042645788 | Q19: 0.02711 | R19: 0.014125327 | S19: 0.1154731 | T19: 0.030580684 | U19: 0.0482 | V19: 0.0212 | W19: 0.0096236777 | X19: 0.01746414 | Y19: 0.024138329 | Z19: 0.019043799 | AA19: 0.018 | AB19: 0.074625669 | AC19: 0.014287703 | AD19: 0.016054797 | AE19: 0.014439772 | AF19: 0.0062620423 | AG19: 0.017008097 | AH19: 0.033447523 | AI19: 0.031544239 | AJ19: 0.0083 | AK19: 0.0125 | AL19: 0.07393639 | AM19: 0.0294 | AN19: 0.025
A20: 2009 | B20: 0.0337 | C20: 0.01594997 | D20: 0.036 | E20: 0.0129 | F20: 0.059070682 | G20: 0.0084946909 | I20: 0.015301044 | J20: 0.011324379 | K20: 0.032360037 | L20: 0.012806116 | M20: 0.021606344 | N20: 0.047300274 | O20: 0.0547 | P20: 0.042325066 | Q20: 0.04154231 | R20: 0.015882291 | S20: 0.16918484 | T20: 0.031796717 | U20: 0.0465 | V20: 0.0219 | W20: 0.0083131682 | X20: 0.011139946 | Y20: 0.021883604 | Z20: 0.024333035 | AA20: 0.0126 | AB20: 0.077767973 | AC20: 0.014201822 | AD20: 0.01682397 | AE20: 0.013210295 | AF20: 0.0058660943 | AG20: 0.017446138 | AH20: 0.031781975 | AI20: 0.037934745 | AJ20: 0.0029 | AK20: 0.0307 | AL20: 0.077293186 | AM20: 0.0248 | AN20: 0.0063
A21: 2010 | B21: 0.0374 | C21: 0.017286944 | D21: 0.0218 | E21: 0.012 | F21: 0.057748653 | G21: 0.006930437 | I21: 0.013334262 | J21: 0.013435429 | K21: 0.030677148 | L21: 0.0092992296 | M21: 0.021022823 | N21: 0.045031355 | O21: 0.0397 | P21: 0.040949435 | Q21: 0.03152085 | R21: 0.015250477 | S21: 0.15367073 | T21: 0.030320207 | U21: 0.0508 | V21: 0.0452 | W21: 0.0054062621 | X21: 0.01042657 | Y21: 0.035154139 | Z21: 0.023408663 | AA21: 0.0154 | AB21: 0.070121744 | AC21: 0.016669476 | AD21: 0.014351248 | AE21: 0.011232503 | AF21: 0.0045536818 | AG21: 0.012837333 | AH21: 0.032286588 | AI21: 0.031999659 | AJ21: 0.0045 | AK21: 0.0075 | AL21: 0.073197321 | AM21: 0.0273 | AN21: 0.0083
A22: 2011 | B22: 0.0321 | C22: 0.017768382 | D22: 0.0477 | E22: 0.0125 | F22: 0.057410398 | G22: 0.0084087115 | I22: 0.023292114 | J22: 0.012572172 | K22: 0.027500293 | L22: 0.010718226 | M22: 0.025829666 | N22: 0.044069237 | O22: 0.0476 | P22: 0.039739335 | Q22: 0.017913331 | R22: 0.01770599 | S22: 0.16194711 | T22: 0.032448269 | U22: 0.0418 | V22: 0.0352 | W22: 0.0066018087 | X22: 0.011661036 | Y22: 0.052732691 | Z22: 0.036350667 | AA22: 0.0161 | AB22: 0.060558341 | AC22: 0.014569514 | AD22: 0.019170787 | AE22: 0.011298306 | AF22: 0.0048368022 | AG22: 0.020028774 | AH22: 0.034116542 | AI22: 0.030598826 | AJ22: 0.003 | AK22: 0.0088 | AL22: 0.080334489 | AM22: 0.0291 | AN22: 0.0066
... A28: 2017 | B28: 0.0297 | C28: 0.024941965 | D28: 0.033 | E28: 0.0104 | F28: 0.070711818 | G28: 0.007689351 | I28: 0.0096389643 | J28: 0.016529631 | K28: 0.025582892 | L28: 0.0091377119 | M28: 0.019417518 | N28: 0.052174172 | O28: 0.0263 | P28: 0.044770476 | Q28: 0.014967286 | R28: 0.017500364 | S28: 0.19609745 | T28: 0.037377455 | U28: 0.0389 | V28: 0.0253 | W28: 0.011595904 | X28: 0.012939293 | Y28: 0.056812052 | Z28: 0.042687045 | AA28: 0.0129 | AB28: 0.069182205 | AC28: 0.019629264 | AD28: 0.014358223 | AE28: 0.014448852 | AF28: 0.005995964 | AG28: 0.012781979 | AH28: 0.036897863 | AI28: 0.024834825 | AJ28: 0.0056 | AK28: 0.0212 | AL28: 0.094717976 | AM28: 0.0453 | AN28: 0.0038
A31: Russia | B31: Armenia | C31: Austria | D31: Azerbaijan | E31: Belarus | F31: Belgium | G31: Bulgaria | H31: Croatia | I31: Cyprus | J31: Czech | K31: Denmark | L31: Estonia | M31: Finland | N31: France | O31: Georgia | P31: Germany | Q31: Greece | R31: Hungary | S31: Ireland | T31: Italy | U31: Kazakhstan | V31: Kyrgyzstan | W31: latvia | X31: Lithuania | Y31: Luxembourg | Z31: Malta | AA31: Moldova | AB31: Netherlands | AC31: Poland | AD31: Portugal | AE31: Romania | AF31: Slovakia | AG31: Slovenia | AH31: Spain | AI31: Sweden | AJ31: Tajikistan | AK31: Turkmenistan | AL31: UK | AM31: Ukraine | AN31: Uzbekistan
A32: 1991
A33: 1992
A34: 1993
A35: 1994
A36: 1995 | U36: 0.6186 | V36: 0.1466 | AA36: 0.2136
A37: 1996 | B37: 0.1863 | D37: 0.1561 | O37: 0.1289 | U37: 0.5373 | V37: 0.2653 | AA37: 0.2958 | AJ37: 0.5136 | AK37: 0.1282 | AM37: 0.4879 | AN37: 0.2983
A38: 1997 | B38: 0.2697 | D38: 0.1557 | E38: 0.3656 | O38: 0.1435 | U38: 0.4078 | V38: 0.3743 | AA38: 0.289 | AJ38: 0.2712 | AK38: 0.2555 | AM38: 0.4172 | AN38: 0.2317
A39: 1998 | B39: 0.3156 | D39: 0.1132 | E39: 0.5262 | O39: 0.1232 | U39: 0.3719 | V39: 0.2472 | AA39: 0.2302 | AJ39: 0.2498 | AK39: 0.1412 | AM39: 0.4012 | AN39: 0.237
A40: 1999 | B40: 0.1583 | D40: 0.1168 | E40: 0.5036 | O40: 0.1649 | U40: 0.4395 | V40: 0.2209 | AA40: 0.2552 | AJ40: 0.2659 | AK40: 0.1004 | AM40: 0.4327 | AN40: 0.1341
A41: 2000 | B41: 0.1282 | C41: 0.014443247 | D41: 0.1239 | E41: 0.6386 | F41: 0.00839598 | G41: 0.23156883 | H41: 0.047312893 | I41: 0.065288342 | J41: 0.026494517 | K41: 0.0084990339 | L41: 0.084391269 | M41: 0.014265606 | N41: 0.093068984 | O41: 0.1035 | P41: 0.012264774 | Q41: 0.0086405624 | R41: 0.032702738 | S41: 0.080638633 | T41: 0.00019927885 | U41: 0.421 | V41: 0.2033 | W41: 0.032244949 | X41: 0.27171343 | Y41: 0.0014684025 | Z41: 0.1159312 | AA41: 0.1422 | AB41: 0.0033447174 | AC41: 0.016508175 | AD41: 0.094550826 | AE41: 0.005729804 | AF41: 0.085565449 | AG41: 0.012138246 | AH41: 0.022855853 | AI41: 0.16977981 | AJ41: 0.1668 | AK41: 0.1442 | AL41: 0.085721158 | AM41: 0.3703 | AN41: 0.1609
A42: 2001 | B42: 0.1143 | C42: 0.0125967 | D42: 0.0822 | E42: 0.6275 | F42: 0.0095086405 | G42: 0.19416889 | H42: 0.037945265 | I42: 0.054983305 | J42: 0.026138944 | K42: 0.0083610111 | L42: 0.081216959 | M42: 0.011600681 | N42: 0.094301135 | O42: 0.1012 | P42: 0.013591718 | Q42: 0.009975343 | R42: 0.052537307 | S42: 0.070477527 | T42: 0.00040116689 | U42: 0.362 | V42: 0.1781 | W42: 0.032364252 | X42: 0.25718942 | Y42: 0.00067002868 | Z42: 0.091777687 | AA42: 0.1309 | AB42: 0.0072434109 | AC42: 0.018467507 | AD42: 0.088023735 | AE42: 0.0098802379 | AF42: 0.075911758 | AG42: 0.010983974 | AH42: 0.027745283 | AI42: 0.14748705 | AJ42: 0.2223 | AK42: 0.1342 | AL42: 0.071232107 | AM42: 0.3254 | AN42: 0.1865
A43: 2002 | B43: 0.1717 | C43: 0.011235496 | D43: 0.1311 | E43: 0.6339 | F43: 0.0088245789 | G43: 0.13609625 | H43: 0.036944275 | I43: 0.045264575 | J43: 0.024875072 | K43: 0.0069281901 | L43: 0.073651287 | M43: 0.015153235 | N43: 0.098768305 | O43: 0.119 | P43: 0.014553407 | Q43: 0.010272245 | R43: 0.061615814 | S43: 0.060585918 | T43: 0.00054283912 | U43: 0.3734 | V43: 0.1829 | W43: 0.03029547 | X43: 0.21941261 | Y43: 0.0005749751 | Z43: 0.087517566 | AA43: 0.1278 | AB43: 0.010406722 | AC43: 0.018647567 | AD43: 0.079999277 | AE43: 0.0084253966 | AF43: 0.071459273 | AG43: 0.019476631 | AH43: 0.023217606 | AI43: 0.1255198 | AJ43: 0.2035 | AK43: 0.1482 | AL43: 0.066817466 | AM43: 0.3277 | AN43: 0.2435
A44: 2003 | B44: 0.1515 | C44: 0.014191281 | D44: 0.1218 | E44: 0.5673 | F44: 0.010867352 | G44: 0.11804517 | H44: 0.032224763 | I44: 0.047036289 | J44: 0.026194977 | K44: 0.009334413 | L44: 0.085431964 | M44: 0.015438971 | N44: 0.1164563 | O44: 0.0982 | P44: 0.016950307 | Q44: 0.010488328 | R44: 0.055789058 | S44: 0.062206143 | T44: 0.0008759149 | U44: 0.3511 | V44: 0.2196 | W44: 0.031292496 | X44: 0.22656028 | Y44: 0.00093506742 | Z44: 0.087587277 | AA44: 0.1225 | AB44: 0.0094560484 | AC44: 0.023512111 | AD44: 0.077036425 | AE44: 0.012440327 | AF44: 0.082587976 | AG44: 0.018474442 | AH44: 0.025435402 | AI44: 0.10822094 | AJ44: 0.2286 | AK44: 0.1604 | AL44: 0.047862382 | AM44: 0.3281 | AN44: 0.2385
A45: 2004 | B45: 0.1314 | C45: 0.013508395 | D45: 0.1366 | E45: 0.6672 | F45: 0.013648648 | G45: 0.12392343 | H45: 0.013126347 | I45: 0.038826749 | J45: 0.027500989 | K45: 0.010449369 | L45: 0.095024872 | M45: 0.017172094 | N45: 0.12830393 | O45: 0.1083 | P45: 0.019138024 | Q45: 0.014901273 | R45: 0.051027387 | S45: 0.059081302 | T45: 0.0010487735 | U45: 0.3661 | V45: 0.2333 | W45: 0.034013932 | X45: 0.22991458 | Y45: 0.0040933234 | Z45: 0.086983065 | AA45: 0.1161 | AB45: 0.00053254232 | AC45: 0.028331886 | AD45: 0.070702366 | AE45: 0.013931916 | AF45: 0.068166826 | AG45: 0.024301553 | AH45: 0.020345169 | AI45: 0.091942643 | AJ45: 0.2341 | AK45: 0.1169 | AL45: 0.072419493 | AM45: 0.3631 | AN45: 0.2696
A46: 2005 | B46: 0.1389 | C46: 0.020918309 | D46: 0.1465 | E46: 0.5832 | F46: 0.0163594 | G46: 0.024912776 | H46: 0.0090918417 | I46: 0.055155152 | J46: 0.034024879 | K46: 0.01247181 | L46: 0.091571531 | M46: 0.022085749 | N46: 0.1382759 | O46: 0.1322 | P46: 0.019777849 | Q46: 0.017563948 | R46: 0.074038406 | S46: 0.074436489 | T46: 0.0010877784 | U46: 0.3788 | V46: 0.2426 | W46: 0.037839804 | X46: 0.27823418 | Y46: 0.002572214 | Z46: 0.085023062 | AA46: 0.1301 | AB46: 0.00025872298 | AC46: 0.044470256 | AD46: 0.086856356 | AE46: 0.0072928357 | AF46: 0.082597554 | AG46: 0.033647533 | AH46: 0.020900419 | AI46: 0.10701045 | AJ46: 0.2331 | AK46: 0.1084 | AL46: 0.091694416 | AM46: 0.3224 | AN46: 0.2668
A47: 2006 | B47: 0.1437 | C47: 0.02022502 | D47: 0.1848 | E47: 0.5684 | F47: 0.016952192 | G47: 0.026022058 | H47: 0.0077074377 | I47: 0.056915384 | J47: 0.039859366 | K47: 0.01206857 | L47: 0.12960062 | M47: 0.027774412 | N47: 0.13903638 | O47: 0.1382 | P47: 0.021881758 | Q47: 0.016643084 | R47: 0.06676855 | S47: 0.082108619 | T47: 0.0011906443 | U47: 0.3437 | V47: 0.2441 | W47: 0.038562287 | X47: 0.24355649 | Y47: 0.0057220659 | Z47: 0.079788794 | AA47: 0.1518 | AB47: 0.00046714954 | AC47: 0.054170599 | AD47: 0.095534873 | AE47: 0.011546346 | AF47: 0.078865869 | AG47: 0.037929843 | AH47: 0.019317711 | AI47: 0.11244257 | AJ47: 0.2593 | AK47: 0.1318 | AL47: 0.10111435 | AM47: 0.2736 | AN47: 0.2645
A48: 2007 | B48: 0.1647 | C48: 0.013951505 | D48: 0.1771 | E48: 0.584 | F48: 0.016314624 | G48: 0.12462762 | H48: 0.0059308456 | I48: 0.045579203 | J48: 0.035890911 | K48: 0.012542906 | L48: 0.10047318 | M48: 0.027198713 | N48: 0.13935519 | O48: 0.1116 | P48: 0.023106802 | Q48: 0.016332294 | R48: 0.057973865 | S48: 0.068729396 | T48: 0.0012276904 | U48: 0.3533 | V48: 0.2508 | W48: 0.03913184 | X48: 0.18020425 | Y48: 0.0086064128 | Z48: 0.087024656 | AA48: 0.1389 | AB48: 0.00019783838 | AC48: 0.053281156 | AD48: 0.086431367 | AE48: 0.0093320352 | AF48: 0.063052617 | AG48: 0.029482196 | AH48: 0.021311973 | AI48: 0.090823868 | AJ48: 0.3039 | AK48: 0.1599 | AL48: 0.10134879 | AM48: 0.2514 | AN48: 0.276
A49: 2008 | B49: 0.1816 | C49: 0.018758656 | D49: 0.1832 | E49: 0.58 | F49: 0.017322677 | G49: 0.14373157 | H49: 0.0040311623 | I49: 0.061990126 | J49: 0.044265524 | K49: 0.015307034 | L49: 0.074759968 | M49: 0.025692139 | N49: 0.16264982 | O49: 0.0671 | P49: 0.027029398 | Q49: 0.018390379 | R49: 0.073704756 | S49: 0.089798566 | T49: 0.0020291964 | U49: 0.3155 | V49: 0.2695 | W49: 0.04211164 | X49: 0.29935437 | Y49: 0.00079041586 | Z49: 0.10792027 | AA49: 0.1343 | AB49: 0.00034056592 | AC49: 0.053437684 | AD49: 0.096576033 | AE49: 0.0062864418 | AF49: 0.058271041 | AG49: 0.042674075 | AH49: 0.015708476 | AI49: 0.10464016 | AJ49: 0.2386 | AK49: 0.1987 | AL49: 0.10339142 | AM49: 0.2356 | AN49: 0.2338
A50: 2009 | B50: 0.2126 | C50: 0.01619929 | D50: 0.1743 | E50: 0.5673 | F50: 0.015726787 | G50: 0.13403599 | H50: 0.0029634222 | I50: 0.04940113 | J50: 0.036051035 | K50: 0.0077295665 | L50: 0.081224394 | M50: 0.021622969 | N50: 0.16081013 | O50: 0.0706 | P50: 0.022389611 | Q50: 0.01293346 | R50: 0.057267037 | S50: 0.073387798 | T50: 0.0016397851 | U50: 0.2115 | V50: 0.2495 | W50: 0.040796893 | X50: 0.29875715 | Y50: 0.00050048723 | Z50: 0.10696702 | AA50: 0.1058 | AB50: 0.0023476695 | AC50: 0.044288172 | AD50: 0.084784106 | AE50: 0.010288316 | AF50: 0.038629085 | AG50: 0.03636678 | AH50: 0.010963552 | AI50: 0.087039735 | AJ50: 0.2303 | AK50: 0.1831 | AL50: 0.095077658 | AM50: 0.2818 | AN50: 0.2197
A51: 2010 | B51: 0.1991 | C51: 0.01809231 | D51: 0.1527 | E51: 0.5128 | F51: 0.020997665 | G51: 0.16246089 | H51: 0.0065835607 | I51: 0.051221312 | J51: 0.037578593 | K51: 0.010953562 | L51: 0.08118471 | M51: 0.02446234 | N51: 0.1756734 | O51: 0.0603 | P51: 0.025482147 | Q51: 0.014201339 | R51: 0.092557873 | S51: 0.07819787 | T51: 0.0030893759 | U51: 0.4009 | V51: 0.2439 | W51: 0.03982986 | X51: 0.32615689 | Y51: 0.00056124354 | Z51: 0.099435814 | AA51: 0.1348 | AB51: 0.00054811965 | AC51: 0.056219115 | AD51: 0.10144743 | AE51: 0.0070490226 | AF51: 0.043553257 | AG51: 0.048525817 | AH51: 0.013746126 | AI51: 0.095387366 | AJ51: 0.2207 | AK51: 0.1448 | AL51: 0.09023107 | AM51: 0.3495 | AN51: 0.2052
A52: 2011 | B52: 0.1953 | C52: 0.022492091 | D52: 0.1508 | E52: 0.5479 | F52: 0.026537675 | G52: 0.17632272 | H52: 0.003782447 | I52: 0.047899786 | J52: 0.042495421 | K52: 0.01501698 | L52: 0.099738424 | M52: 0.030784147 | N52: 0.18290762 | O52: 0.0484 | P52: 0.025722763 | Q52: 0.017195541 | R52: 0.1000818 | S52: 0.086681707 | T52: 0.0019515279 | U52: 0.3625 | V52: 0.2185 | W52: 0.042110926 | X52: 0.32050586 | Y52: 0.00062412546 | Z52: 0.083287287 | AA52: 0.0859 | AB52: 0.00061540113 | AC52: 0.06078994 | AD52: 0.11949058 | AE52: 0.0094508161 | AF52: 0.038094017 | AG52: 0.056465449 | AH52: 0.015967928 | AI52: 0.10829753 | AJ52: 0.1854 | AK52: 0.1273 | AL52: 0.072757782 | AM52: 0.3402 | AN52: 0.2063
... A57: 2016 | B57: 0.2917 | C57: 0.014148106 | D57: 0.1634 | E57: 0.5286 | F57: 0.022012302 | G57: 0.089325679 | H57: 0.010819733 | I57: 0.016377393 | J57: 0.025268257 | K57: 0.017809656 | L57: 0.056868916 | M57: 0.010973546 | N57: 0.11115259 | O57: 0.0927 | P57: 0.010302227 | Q57: 0.0087248674 | R57: 0.063861854 | S57: 0.028060048 | T57: 0.0024938536 | U57: 0.3793 | V57: 0.1831 | W57: 0.028951061 | X57: 0.13895086 | Y57: 0.00024903755 | Z57: 0.074958879 | AA57: 0.0858 | AB57: 0.0042741472 | AC57: 0.040590286 | AD57: 0.057021178 | AE57: 0.019325491 | AF57: 0.029405488 | AG57: 0.027500089 | AH57: 0.0091801347 | AI57: 0.038787206 | AJ57: 0.1996 | AK57: 0.1177 | AL57: 0.015251993 | AM57: 0.1658 | AN57: 0.2158
A58: 2017 | B58: 0.2868 | C58: 0.01457759 | D58: 0.1729 | E58: 0.5608 | F58: 0.025763497 | G58: 0.10269213 | H58: 0.017409119 | I58: 0.018589652 | J58: 0.027775563 | K58: 0.019418365 | L58: 0.0673318 | M58: 0.010161481 | N58: 0.13140797 | O58: 0.0974 | P58: 0.013174592 | Q58: 0.011281215 | R58: 0.068117385 | S58: 0.036382172 | T58: 0.0039014993 | V58: 0.2268 | W58: 0.030757257 | X58: 0.12587603 | Y58: 0.00070345216 | Z58: 0.072242228 | AA58: 0.0808 | AB58: 0.0019130412 | AC58: 0.043330128 | AD58: 0.062358996 | AE58: 0.0226969 | AF58: 0.032900274 | AG58: 0.029144734 | AH58: 0.010023891 | AI58: 0.044717285 | AJ58: 0.2258 | AK58: 0.1024 | AL58: 0.013745645 | AM58: 0.1498 | AN58: 0.2332
A61: China | B61: Armenia | C61: Austria | D61: Azerbaijan | E61: Belarus | F61: Belgium | G61: Bulgaria | H61: Croatia | I61: Cyprus | J61: Czech | K61: Denmark | L61: Estonia | M61: Finland | N61: France | O61: Georgia | P61: Germany | Q61: Greece | R61: Hungary | S61: Ireland | T61: Italy | U61: Kazakhstan | V61: Kyrgyzstan | W61: latvia | X61: Lithuania | Y61: Luxembourg | Z61: Malta | AA61: Moldova | AB61: Netherlands | AC61: Poland | AD61: Portugal | AE61: Romania | AF61: Slovakia | AG61: Slovenia | AH61: Spain | AI61: Sweden | AJ61: Tajikistan | AK61: Turkmenistan | AL61: UK | AM61: Ukraine | AN61: Uzbekistan
A62: 1991
A63: 1992
A64: 1993
A65: 1994
A66: 1995 | B66: 0.006 | D66: 0.0027 | E66: 0.0051 | O66: 0.0011 | U66: 0.0676 | V66: 0.147 | AA66: 0.0011 | AJ66: 0.102 | AK66: 0.0381 | AM66: 0.0131 | AN66: 0.0348
A67: 1996 | B67: 0.002 | D67: 0.0026 | E67: 0.0034 | O67: 0.0024 | U67: 0.026 | V67: 0.0738 | AA67: 0.0009 | AJ67: 0.0243 | AK67: 0.0094 | AM67: 0.0066 | AN67: 0.0104
A68: 1997 | B68: 0.0032 | D68: 0.0059 | E68: 0.0033 | O68: 0.0017 | U68: 0.0249 | V68: 0.1351 | AA68: 0.0003 | AJ68: 0.0302 | AK68: 0.0108 | AM68: 0.0086 | AN68: 0.0182
A69: 1998 | B69: 0.0019 | D69: 0.0048 | E69: 0.0053 | O69: 0.0052 | U69: 0.0483 | V69: 0.2978 | AA69: 0.0014 | AJ69: 0.0313 | AK69: 0.0154 | AM69: 0.0092 | AN69: 0.0237
A70: 1999 | B70: 0.017 | D70: 0.012 | E70: 0.0066 | O70: 0.0042 | U70: 0.1526 | V70: 0.2463 | AA70: 0.0014 | AJ70: 0.006 | AK70: 0.0108 | AM70: 0.0098 | AN70: 0.0149
A71: 2000 | B71: 0.0024 | C71: 0.01074651 | D71: 0.0146 | E71: 0.0057 | F71: 0.020867686 | G71: 0.010475199 | H71: 0.011144786 | I71: 0.038029568 | J71: 0.021803562 | K71: 0.028967813 | L71: 0.035458764 | M71: 0.025066986 | N71: 0.022231542 | O71: 0.0045 | P71: 0.031813138 | Q71: 0.02089703 | R71: 0.029585092 | S71: 0.013402912 | T71: 0.027185956 | U71: 0.0502 | V71: 0.1441 | W71: 0.0074443687 | X71: 0.015709233 | Y71: 0.0072713777 | Z71: 0.016507835 | AA71: 0.0023 | AB71: 0.036834094 | AC71: 0.028265986 | AD71: 0.008842396 | AE71: 0.013265524 | AF71: 0.013823948 | AG71: 0.013524493 | AH71: 0.024465531 | AI71: 0.02355804 | AJ71: 0.0203 | AK71: 0.0138 | AL71: 0.037354913 | AM71: 0.0107 | AN71: 0.0234
A72: 2001 | B72: 0.0043 | C72: 0.012547564 | D72: 0.0249 | E72: 0.0054 | F72: 0.021633243 | G72: 0.012012957 | H72: 0.015755886 | I72: 0.039133142 | J72: 0.02957124 | K72: 0.029046447 | L72: 0.087156954 | M72: 0.023782241 | N72: 0.022738429 | O72: 0.0064 | P72: 0.033365765 | Q72: 0.025865979 | R72: 0.039660212 | S72: 0.012716075 | T72: 0.028374292 | U72: 0.0363 | V72: 0.1704 | W72: 0.0077132996 | X72: 0.019918247 | Y72: 0.0058650083 | Z72: 0.02140513 | AA72: 0.0087 | AB72: 0.044812904 | AC72: 0.032212415 | AD72: 0.0079599454 | AE72: 0.016234011 | AF72: 0.015747595 | AG72: 0.015583446 | AH72: 0.025561938 | AI72: 0.025632153 | AJ72: 0.0171 | AK72: 0.0298 | AL72: 0.040456934 | AM72: 0.0128 | AN72: 0.0258
A73: 2002 | B73: 0.0079 | C73: 0.014039985 | D73: 0.0498 | E73: 0.006 | F73: 0.022633267 | G73: 0.01733985 | H73: 0.02395175 | I73: 0.042039633 | J73: 0.046327104 | K73: 0.027713376 | L73: 0.052076963 | M73: 0.026442033 | N73: 0.024618204 | O73: 0.0123 | P73: 0.036748092 | Q73: 0.026735322 | R73: 0.055323724 | S73: 0.013766763 | T73: 0.03180001 | U73: 0.0598 | V73: 0.1297 | W73: 0.010519939 | X73: 0.024299487 | Y73: 0.005494184 | Z73: 0.02350293 | AA73: 0.0097 | AB73: 0.051751308 | AC73: 0.03757597 | AD73: 0.0081155936 | AE73: 0.020788116 | AF73: 0.020905395 | AG73: 0.020525945 | AH73: 0.027249288 | AI73: 0.025739468 | AJ73: 0.0195 | AK73: 0.0899 | AL73: 0.043663482 | AM73: 0.0176 | AN73: 0.0577
A74: 2003 | B74: 0.0075 | C74: 0.017858679 | D74: 0.0607 | E74: 0.0085 | F74: 0.026391157 | G74: 0.025863081 | H74: 0.028549429 | I74: 0.055640889 | J74: 0.052856651 | K74: 0.035770211 | L74: 0.044963303 | M74: 0.030228267 | N74: 0.02720337 | O74: 0.0188 | P74: 0.04205239 | Q74: 0.028797854 | R74: 0.068950542 | S74: 0.023104508 | T74: 0.036320713 | U74: 0.0724 | V74: 0.2027 | W74: 0.01286011 | X74: 0.03152525 | Y74: 0.10838791 | Z74: 0.030315416 | AA74: 0.0145 | AB74: 0.062987583 | AC74: 0.042419463 | AD74: 0.0089009418 | AE74: 0.027491273 | AF74: 0.024727155 | AG74: 0.023777982 | AH74: 0.030689084 | AI74: 0.031077493 | AJ74: 0.0355 | AK74: 0.0569 | AL74: 0.048942029 | AM74: 0.026 | AN74: 0.0676
A75: 2004 | B75: 0.013 | C75: 0.015747228 | D75: 0.0411 | E75: 0.0102 | F75: 0.029433341 | G75: 0.03244706 | H75: 0.038261955 | I75: 0.040762147 | J75: 0.033446989 | K75: 0.039421702 | L75: 0.034700445 | M75: 0.033193084 | N75: 0.030776968 | O75: 0.015 | P75: 0.04958791 | Q75: 0.031521019 | R75: 0.075232416 | S75: 0.026024759 | T75: 0.041410992 | U75: 0.0647 | V75: 0.2264 | W75: 0.012597113 | X75: 0.023796305 | Y75: 0.12548202 | Z75: 0.022492734 | AA75: 0.0257 | AB75: 0.073925712 | AC75: 0.032331352 | AD75: 0.010381886 | AE75: 0.032408537 | AF75: 0.016114865 | AG75: 0.0098842928 | AH75: 0.034464726 | AI75: 0.031681154 | AJ75: 0.0673 | AK75: 0.0408 | AL75: 0.054287389 | AM75: 0.0306 | AN75: 0.0613
A76: 2005 | B76: 0.0186 | C76: 0.020710483 | D76: 0.0483 | E76: 0.0181 | F76: 0.03338554 | G76: 0.045428656 | H76: 0.047138129 | I76: 0.038154389 | J76: 0.027262308 | K76: 0.047482712 | L76: 0.036732514 | M76: 0.041352052 | N76: 0.035734319 | O76: 0.0192 | P76: 0.056229711 | Q76: 0.036667668 | R76: 0.071333541 | S76: 0.028129078 | T76: 0.045700613 | U76: 0.0823 | V76: 0.2296 | W76: 0.01507391 | X76: 0.023301511 | Y76: 0.12388926 | Z76: 0.01931956 | AA76: 0.0382 | AB76: 0.088315258 | AC76: 0.031904401 | AD76: 0.011073393 | AE76: 0.040402301 | AF76: 0.014634222 | AG76: 0.013041424 | AH76: 0.042142186 | AI76: 0.035601306 | AJ76: 0.1389 | AK76: 0.0436 | AL76: 0.059001821 | AM76: 0.0524 | AN76: 0.0715
A77: 2006 | B77: 0.0507 | C77: 0.022880892 | D77: 0.0514 | E77: 0.0256 | F77: 0.03680683 | G77: 0.049919592 | H77: 0.053258745 | I77: 0.041988893 | J77: 0.035113252 | K77: 0.05017443 | L77: 0.030971737 | M77: 0.053541002 | N77: 0.036699307 | O77: 0.027 | P77: 0.059753255 | Q77: 0.033947479 | R77: 0.069092701 | S77: 0.030340631 | T77: 0.050816095 | U77: 0.0916 | V77: 0.3043 | W77: 0.016691939 | X77: 0.02394725 | Y77: 0.16376634 | Z77: 0.0297767 | AA77: 0.0389 | AB77: 0.093296247 | AC77: 0.035304113 | AD77: 0.013734927 | AE77: 0.042655122 | AF77: 0.020627913 | AG77: 0.015888433 | AH77: 0.046283202 | AI77: 0.038448579 | AJ77: 0.2117 | AK77: 0.0937 | AL77: 0.058830398 | AM77: 0.0552 | AN77: 0.1004
A78: 2007 | B78: 0.0583 | C78: 0.024613073 | D78: 0.0622 | E78: 0.029 | F78: 0.042035014 | G78: 0.027863774 | H78: 0.06192707 | I78: 0.052978179 | J78: 0.050283293 | K78: 0.054479938 | L78: 0.026169431 | M78: 0.055287647 | N78: 0.039525241 | O78: 0.0414 | P78: 0.063299997 | Q78: 0.046355422 | R78: 0.07735446 | S78: 0.032911718 | T78: 0.058094556 | U78: 0.1105 | V78: 0.3863 | W78: 0.022987497 | X78: 0.027968621 | Y78: 0.16709512 | Z78: 0.026408647 | AA78: 0.0471 | AB78: 0.1050125 | AC78: 0.04176661 | AD78: 0.01774558 | AE78: 0.032500021 | AF78: 0.035886908 | AG78: 0.019396996 | AH78: 0.055571995 | AI78: 0.04218243 | AJ78: 0.247 | AK78: 0.1249 | AL78: 0.07120951 | AM78: 0.0605 | AN78: 0.1207
A79: 2008 | B79: 0.0851 | C79: 0.025558833 | D79: 0.0712 | E79: 0.0361 | F79: 0.042273109 | G79: 0.030124129 | H79: 0.061834597 | I79: 0.053353163 | J79: 0.04888445 | K79: 0.057751471 | L79: 0.02695022 | M79: 0.050775194 | N79: 0.039320647 | O79: 0.0483 | P79: 0.063869309 | Q79: 0.050446339 | R79: 0.075410681 | S79: 0.032909882 | T79: 0.061787955 | U79: 0.1258 | V79: 0.3863 | W79: 0.022796872 | X79: 0.025614506 | Y79: 0.18689238 | Z79: 0.029361426 | AA79: 0.0544 | AB79: 0.10223856 | AC79: 0.044210542 | AD79: 0.020905486 | AE79: 0.041951732 | AF79: 0.041344395 | AG79: 0.024475737 | AH79: 0.059796504 | AI79: 0.041690361 | AJ79: 0.4432 | AK79: 0.1963 | AL79: 0.072960782 | AM79: 0.0688 | AN79: 0.1448
A80: 2009 | B80: 0.087 | C80: 0.024782562 | D80: 0.0837 | E80: 0.038 | F80: 0.041711351 | G80: 0.027017829 | H80: 0.068094665 | I80: 0.05463822 | J80: 0.057128333 | K80: 0.062176541 | L80: 0.025050988 | M80: 0.052796094 | N80: 0.044084112 | O80: 0.0451 | P80: 0.068001179 | Q80: 0.057328618 | R80: 0.086765362 | S80: 0.038128433 | T80: 0.064963652 | U80: 0.1344 | V80: 0.3819 | W80: 0.020646198 | X80: 0.024778732 | Y80: 0.18288471 | Z80: 0.036666352 | AA80: 0.0663 | AB80: 0.11613015 | AC80: 0.051862361 | AD80: 0.021695239 | AE80: 0.04884847 | AF80: 0.035440501 | AG80: 0.029017111 | AH80: 0.056848971 | AI80: 0.048223512 | AJ80: 0.4756 | AK80: 0.1858 | AL80: 0.081798832 | AM80: 0.062 | AN80: 0.2013
A81: 2010 | B81: 0.1054 | C81: 0.028064276 | D81: 0.0906 | E81: 0.0499 | F81: 0.042820815 | G81: 0.025641256 | H81: 0.071681431 | I81: 0.052650123 | J81: 0.072531658 | K81: 0.074619663 | L81: 0.036329266 | M81: 0.044286364 | N81: 0.050484053 | O81: 0.0637 | P81: 0.07921985 | Q81: 0.054880376 | R81: 0.098622502 | S81: 0.039620805 | T81: 0.07836065 | U81: 0.1692 | V81: 0.3551 | W81: 0.02500213 | X81: 0.024382937 | Y81: 0.088473069 | Z81: 0.030766949 | AA81: 0.0739 | AB81: 0.1278986 | AC81: 0.051628455 | AD81: 0.026911464 | AE81: 0.054402932 | AF81: 0.041064423 | AG81: 0.041131555 | AH81: 0.064669991 | AI81: 0.049831314 | AJ81: 0.4515 | AK81: 0.115 | AL81: 0.085130125 | AM81: 0.0786 | AN81: 0.1451
A82: 2011 | B82: 0.0944 | C82: 0.028426484 | D82: 0.0732 | E82: 0.0493 | F82: 0.043911097 | G82: 0.029000279 | H82: 0.07078781 | I82: 0.047592375 | J82: 0.076069691 | K82: 0.067870988 | L82: 0.044276919 | M82: 0.04331582 | N82: 0.048481118 | O82: 0.0767 | P82: 0.071360675 | Q82: 0.050977223 | R82: 0.084099942 | S82: 0.034342001 | T82: 0.073670844 | U82: 0.1346 | V82: 0.3865 | W82: 0.025712779 | X82: 0.019781966 | Y82: 0.069394456 | Z82: 0.03359277 | AA82: 0.075 | AB82: 0.11995069 | AC82: 0.049128745 | AD82: 0.025624996 | AE82: 0.046003725 | AF82: 0.038764013 | AG82: 0.040965444 | AH82: 0.057648061 | AI82: 0.046939053 | AJ82: 0.5123 | AK82: 0.1258 | AL82: 0.079496483 | AM82: 0.0704 | AN82: 0.1407
... A88: 2017 | B88: 0.1151 | C88: 0.033037849 | D88: 0.0975 | E88: 0.0786 | F88: 0.041846399 | G88: 0.036742886 | H88: 0.032180107 | I88: 0.072000597 | J88: 0.072923904 | K88: 0.070854401 | L88: 0.046662266 | M88: 0.032751661 | N88: 0.050606479 | O88: 0.0937 | P88: 0.07034406 | Q88: 0.054071228 | R88: 0.058970543 | S88: 0.037776669 | T88: 0.070886866 | U88: 0.1706 | V88: 0.4538 | W88: 0.029529347 | X88: 0.028857769 | Y88: 0.015738031 | Z88: 0.033076709 | AA88: 0.0988 | AB88: 0.16398095 | AC88: 0.078888254 | AD88: 0.029484939 | AE88: 0.050136403 | AF88: 0.041761031 | AG88: 0.045003172 | AH88: 0.068842807 | AI88: 0.054677517 | AJ88: 0.4274 | AK88: 0.1078 | AL88: 0.092378152 | AM88: 0.1083 | AN88: 0.2422

Sheet Export Dependence
A1: US | B1: Armenia | C1: Austria | D1: Azerbaijan | E1: Belarus | F1: Belgium | G1: Bulgaria | H1: Croatia | I1: Cyprus | J1: Czech | K1: Denmark | L1: Estonia | M1: Finland | N1: France | O1: Georgia | P1: Germany | Q1: Greece | R1: Hungary | S1: Ireland | T1: Italy | U1: Kazakhstan | V1: Kyrgyzstan | W1: latvia | X1: Lithuania | Y1: Luxembourg | Z1: Malta | AA1: Moldova | AB1: Netherlands | AC1: Poland | AD1: Portugal | AE1: Romania | AF1: Slovakia | AG1: Slovenia | AH1: Spain | AI1: Sweden | AJ1: Tajikistan | AK1: Turkmenistan | AL1: UK | AM1: Ukraine | AN1: Uzbekistan
A2: 1991
A3: 1992
A4: 1993
A5: 1994
A6: 1995 | B6: 0.4231 | D6: 0.0068 | E6: 0.0311 | O6: 0.1028 | U6: 0.0831 | V6: 0.0125 | AA6: 0.0327 | AJ6: 0.1627 | AK6: 0.0026 | AM6: 0.0635 | AN6: 0.001
A7: 1996 | B7: 0.0161 | D7: 0.007 | E7: 0.0331 | O7: 0.0291 | U7: 0.0222 | V7: 0.0211 | AA7: 0.0324 | AJ7: 0.1009 | AK7: 0.0008 | AM7: 0.0289 | AN7: 0.0591
A8: 1997 | B8: 0.043 | D8: 0.0088 | E8: 0.0372 | O8: 0.0166 | U8: 0.0137 | V8: 0.0082 | AA8: 0.0418 | AJ8: 0.0306 | AK8: 0.0017 | AM8: 0.0272 | AN8: 0.0044
A9: 1998 | B9: 0.0889 | D9: 0.0299 | E9: 0.0187 | O9: 0.0431 | U9: 0.0328 | V9: 0.0004 | AA9: 0.1208 | AJ9: 0.1216 | AK9: 0.0077 | AM9: 0.0407 | AN9: 0.0057
A10: 1999 | B10: 0.1539 | D10: 0.0376 | E10: 0.0177 | O10: 0.0394 | U10: 0.0474 | V10: 0.0015 | AA10: 0.1326 | AJ10: 0.0842 | AK10: 0.0106 | AM10: 0.0435 | AN10: 0.014
A11: 2000 | B11: 0.1332 | C11: 0.04994183 | D11: 0.0103 | E11: 0.0167 | F11: 0.039413428 | G11: 0.032541465 | H11: 0.028197601 | I11: 0.10337928 | J11: 0.05978246 | K11: 0.013385912 | L11: 0.048497 | M11: 0.075285542 | N11: 0.08596263 | O11: 0.0461 | P11: 0.15579531 | Q11: 0.054571597 | R11: 0.052526626 | S11: 0.16871514 | T11: 0.10237285 | U11: 0.0401 | V11: 0.0069 | W11: 0.049945195 | X11: 0.040101382 | Y11: 0.037609758 | Z11: 0.27382193 | AA11: 0.1318 | AB11: 0.043787291 | AC11: 0.031763764 | AD11: 0.057812681 | AE11: 0.036170949 | AF11: 0.094537705 | AG11: 0.031064395 | AH11: 0.014383497 | AI11: 0.020284162 | AJ11: 0.0236 | AK11: 0.0184 | AM11: 0.0514 | AN11: 0.0172
A12: 2001 | B12: 0.167 | C12: 0.05144301 | D12: 0.0136 | E12: 0.0141 | F12: 0.055852286 | G12: 0.029368749 | H12: 0.028471636 | I12: 0.10626004 | J12: 0.068942046 | K12: 0.018288911 | L12: 0.043322604 | M12: 0.097514632 | N12: 0.085662744 | O12: 0.0558 | P12: 0.1542316 | Q12: 0.050918991 | R12: 0.0500988 | S12: 0.16783078 | T12: 0.096131101 | U12: 0.0371 | V12: 0.0088 | W12: 0.039274777 | X12: 0.030921383 | Y12: 0.02867824 | Z12: 0.21267747 | AA12: 0.0842 | AB12: 0.041803111 | AC12: 0.023658659 | AD12: 0.057162728 | AE12: 0.031268841 | AF12: 0.10558941 | AG12: 0.026640218 | AH12: 0.012859329 | AI12: 0.023098265 | AJ12: 0.0153 | AK12: 0.023 | AM12: 0.0358 | AN12: 0.0284
A13: 2002 | B13: 0.1002 | C13: 0.049646134 | D13: 0.0263 | E13: 0.0136 | F13: 0.047068915 | G13: 0.034706709 | H13: 0.028538756 | I13: 0.1048162 | J13: 0.063899053 | K13: 0.022516504 | L13: 0.043225271 | M13: 0.089495505 | N13: 0.078404647 | O13: 0.0318 | P13: 0.1498086 | Q13: 0.047427502 | R13: 0.034915179 | S13: 0.17460163 | T13: 0.095896757 | U13: 0.0259 | V13: 0.0702 | W13: 0.033774003 | X13: 0.027446135 | Y13: 0.043154947 | Z13: 0.1828844 | AA13: 0.0537 | AB13: 0.045472084 | AC13: 0.026738828 | AD13: 0.057325637 | AE13: 0.042695799 | AF13: 0.1147067 | AG13: 0.027274821 | AH13: 0.014484134 | AI13: 0.020960677 | AJ13: 0.0025 | AK13: 0.0261 | AM13: 0.0296 | AN13: 0.0536
A14: 2003 | B14: 0.0773 | C14: 0.048844734 | D14: 0.0323 | E14: 0.0227 | F14: 0.044689237 | G14: 0.028538859 | H14: 0.024481551 | I14: 0.092796131 | J14: 0.0588157 | K14: 0.024972154 | L14: 0.040925115 | M14: 0.0813032 | N14: 0.066979966 | O14: 0.0438 | P14: 0.14966468 | Q14: 0.056497726 | R14: 0.031288071 | S14: 0.20572861 | T14: 0.083026412 | U14: 0.0316 | V14: 0.0407 | W14: 0.028797874 | X14: 0.020048757 | Y14: 0.028907382 | Z14: 0.15806938 | AA14: 0.0418 | AB14: 0.044641296 | AC14: 0.022387693 | AD14: 0.05686411 | AE14: 0.035320617 | AF14: 0.11492092 | AG14: 0.036446515 | AH14: 0.052784272 | AI14: 0.026628767 | AJ14: 0.0142 | AK14: 0.0336 | AM14: 0.0286 | AN14: 0.0383
A15: 2004 | B15: 0.1021 | C15: 0.059676474 | D15: 0.0149 | E15: 0.0161 | F15: 0.044686686 | G15: 0.017447971 | H15: 0.02278036 | I15: 0.088669411 | J15: 0.05641735 | K15: 0.031899601 | L15: 0.039230619 | M15: 0.064196751 | N15: 0.067060673 | O15: 0.0545 | P15: 0.14480846 | Q15: 0.053117412 | R15: 0.030024143 | S15: 0.19592975 | T15: 0.078647595 | U15: 0.0252 | V15: 0.0164 | W15: 0.047235192 | X15: 0.019284341 | Y15: 0.029355831 | Z15: 0.16457193 | AA15: 0.0379 | AB15: 0.042387847 | AC15: 0.024079224 | AD15: 0.060634585 | AE15: 0.027818295 | AF15: 0.10683254 | AG15: 0.03054797 | AH15: 0.047500128 | AI15: 0.026313589 | AJ15: 0.0118 | AK15: 0.0261 | AM15: 0.0451 | AN15: 0.0256
A16: 2005 | B16: 0.0649 | C16: 0.058225825 | D16: 0.0108 | E16: 0.0166 | F16: 0.031059794 | G16: 0.015052732 | H16: 0.026646813 | I16: 0.088133348 | J16: 0.064443903 | K16: 0.030840721 | L16: 0.040977559 | M16: 0.059188481 | N16: 0.071203252 | O16: 0.1237 | P16: 0.13484895 | Q16: 0.052469003 | R16: 0.03015449 | S16: 0.18499923 | T16: 0.07988648 | U16: 0.0372 | V16: 0.0113 | W16: 0.047100992 | X16: 0.021904022 | Y16: 0.027219535 | Z16: 0.13664808 | AA16: 0.0369 | AB16: 0.042554284 | AC16: 0.020668761 | AD16: 0.053089355 | AE16: 0.038929082 | AF16: 0.10523951 | AG16: 0.019231101 | AH16: 0.031552143 | AI16: 0.034937334 | AJ16: 0.309 | AK16: 0.031 | AM16: 0.028 | AN16: 0.0261
A17: 2006 | B17: 0.0578 | C17: 0.058085562 | D17: 0.0461 | E17: 0.0266 | F17: 0.028947162 | G17: 0.0074454136 | H17: 0.022999089 | I17: 0.086289368 | J17: 0.062001287 | K17: 0.066227525 | L17: 0.043889617 | M17: 0.065249081 | N17: 0.065841856 | O17: 0.0545 | P17: 0.12212901 | Q17: 0.041106493 | R17: 0.027184535 | S17: 0.18753556 | T17: 0.073916747 | U17: 0.0284 | V17: 0.0124 | W17: 0.043248778 | X17: 0.02050054 | Y17: 0.018333748 | Z17: 0.12363744 | AA17: 0.0295 | AB17: 0.044599669 | AC17: 0.019115517 | AD17: 0.059069518 | AE17: 0.024973511 | AF17: 0.092587244 | AG17: 0.021766308 | AH17: 0.032072446 | AI17: 0.031703717 | AJ17: 0.0673 | AK17: 0.0155 | AM17: 0.0321 | AN17: 0.0331
A18: 2007 | B18: 0.0378 | C18: 0.049022219 | D18: 0.0761 | E18: 0.0147 | F18: 0.02332669 | G18: 0.0061721869 | H18: 0.019331858 | I18: 0.075725536 | J18: 0.060790475 | K18: 0.041678697 | L18: 0.039961037 | M18: 0.063846057 | N18: 0.06096922 | O18: 0.1011 | P18: 0.13432157 | Q18: 0.041467793 | R18: 0.023329281 | S18: 0.17836699 | T18: 0.066495181 | U18: 0.0233 | V18: 0.0039 | W18: 0.025682317 | X18: 0.019328645 | Y18: 0.013488961 | Z18: 0.09788704 | AA18: 0.0162 | AB18: 0.043432067 | AC18: 0.014807115 | AD18: 0.04666802 | AE18: 0.02023006 | AF18: 0.075942724 | AG18: 0.015327099 | AH18: 0.024606555 | AI18: 0.028149065 | AJ18: 0.0002 | AK18: 0.0367 | AM18: 0.0221 | AN18: 0.0288
A19: 2008 | B19: 0.0509 | C19: 0.042925022 | D19: 0.1461 | E19: 0.005 | F19: 0.015596418 | G19: 0.006910393 | H19: 0.017711399 | I19: 0.072292331 | J19: 0.053590982 | K19: 0.048097132 | L19: 0.039115936 | M19: 0.063249212 | N19: 0.057113156 | O19: 0.0795 | P19: 0.1267991 | Q19: 0.051568312 | R19: 0.022893639 | S19: 0.1899612 | T19: 0.062402574 | U19: 0.0214 | V19: 0.0018 | W19: 0.031987427 | X19: 0.017495225 | Y19: 0.013717613 | Z19: 0.077151659 | AA19: 0.0104 | AB19: 0.038586352 | AC19: 0.014541597 | AD19: 0.034494991 | AE19: 0.017088115 | AF19: 0.065788225 | AG19: 0.01210799 | AH19: 0.016851786 | AI19: 0.024995713 | AJ19: 0.0076 | AK19: 0.019 | AM19: 0.0281 | AN19: 0.0433
A20: 2009 | B20: 0.0949 | C20: 0.04019264 | D20: 0.1007 | E20: 0.0024 | F20: 0.015632436 | G20: 0.01442938 | H20: 0.016004716 | I20: 0.067441271 | J20: 0.061088669 | K20: 0.042231889 | L20: 0.034669365 | M20: 0.078059396 | N20: 0.056437553 | O20: 0.0316 | P20: 0.13659299 | Q20: 0.071472954 | R20: 0.022787236 | S20: 0.21030028 | T20: 0.058612284 | U20: 0.0279 | V20: 0.0038 | W20: 0.029480594 | X20: 0.020511236 | Y20: 0.015393265 | Z20: 0.073600543 | AA20: 0.0135 | AB20: 0.039493292 | AC20: 0.018119425 | AD20: 0.031931994 | AE20: 0.011841243 | AF20: 0.063966765 | AG20: 0.011515585 | AH20: 0.010602837 | AI20: 0.022466201 | AJ20: 0.0101 | AK20: 0.0475 | AM20: 0.0079 | AN20: 0.0174
A21: 2010 | B21: 0.0821 | C21: 0.042773412 | D21: 0.069 | E21: 0.004 | F21: 0.013624469 | G21: 0.012264769 | H21: 0.017478746 | I21: 0.06837001 | J21: 0.061578658 | K21: 0.037843407 | L21: 0.034018226 | M21: 0.07019629 | N21: 0.056696939 | O21: 0.08 | P21: 0.12868354 | Q21: 0.047772191 | R21: 0.021119157 | S21: 0.23732468 | T21: 0.060251308 | U21: 0.0256 | V21: 0.0012 | W21: 0.027216721 | X21: 0.018486316 | Y21: 0.013127033 | Z21: 0.072012006 | AA21: 0.0151 | AB21: 0.03929864 | AC21: 0.018202345 | AD21: 0.035497991 | AE21: 0.01460791 | AF21: 0.073410445 | AG21: 0.013469206 | AH21: 0.014941869 | AI21: 0.024939018 | AJ21: 0.0002 | AK21: 0.02 | AM21: 0.0163 | AN21: 0.0106
A22: 2011 | B22: 0.0768 | C22: 0.048213113 | D22: 0.0734 | E22: 0.0028 | F22: 0.013074941 | G22: 0.013617226 | H22: 0.019399144 | I22: 0.069023801 | J22: 0.060075721 | K22: 0.062469581 | L22: 0.035934787 | M22: 0.051334398 | N22: 0.055228155 | O22: 0.0503 | P22: 0.11438011 | Q22: 0.056015097 | R22: 0.021307736 | S22: 0.23365412 | T22: 0.060735958 | U22: 0.0181 | V22: 0.0014 | W22: 0.026034988 | X22: 0.026376369 | Y22: 0.011430392 | Z22: 0.050190918 | AA22: 0.012 | AB22: 0.041497395 | AC22: 0.019511397 | AD22: 0.034935578 | AE22: 0.017627664 | AF22: 0.063407178 | AG22: 0.013156245 | AH22: 0.015636048 | AI22: 0.026673243 | AJ22: 0.0122 | AK22: 0.0063 | AM22: 0.0169 | AN22: 0.0074
... A28: 2017 | B28: 0.0264 | C28: 0.062877115 | D28: 0.0075 | E28: 0.0086 | F28: 0.014680507 | G28: 0.015250034 | H28: 0.020584305 | I28: 0.087831848 | J28: 0.075618579 | K28: 0.029065289 | L28: 0.044018935 | M28: 0.069640703 | N28: 0.072380542 | O28: 0.0449 | P28: 0.13291319 | Q28: 0.038904002 | R28: 0.023290019 | S28: 0.27177033 | T28: 0.090024634 | U28: 0.0137 | V28: 0.0034 | W28: 0.052044234 | X28: 0.026597013 | Y28: 0.02564148 | Z28: 0.057274436 | AA28: 0.0113 | AB28: 0.035694806 | AC28: 0.02648274 | AD28: 0.051697474 | AE28: 0.017676465 | AF28: 0.068890834 | AG28: 0.016624747 | AH28: 0.027559713 | AI28: 0.038587702 | AJ28: 0.0004 | AK28: 0.0019 | AM28: 0.02 | AN28: 0.0008
A31: Russia | B31: Armenia | C31: Austria | D31: Azerbaijan | E31: Belarus | F31: Belgium | G31: Bulgaria | H31: Croatia | I31: Cyprus | J31: Czech | K31: Denmark | L31: Estonia | M31: Finland | N31: France | O31: Georgia | P31: Germany | Q31: Greece | R31: Hungary | S31: Ireland | T31: Italy | U31: Kazakhstan | V31: Kyrgyzstan | W31: latvia | X31: Lithuania | Y31: Luxembourg | Z31: Malta | AA31: Moldova | AB31: Netherlands | AC31: Poland | AD31: Portugal | AE31: Romania | AF31: Slovakia | AG31: Slovenia | AH31: Spain | AI31: Sweden | AJ31: Tajikistan | AK31: Turkmenistan | AL31: UK | AM31: Ukraine | AN31: Uzbekistan
A32: 1991
A33: 1992
A34: 1993
A35: 1994
A36: 1995
A37: 1996 | B37: 0.5047 | D37: 0.1756 | O37: 0.2639 | U37: 0.6162 | V37: 0.1978 | AA37: 0.4221 | AJ37: 0.2771 | AK37: 0.322 | AM37: 0.3653 | AN37: 0.2586
A38: 1997 | B38: 0.2536 | D38: 0.3344 | E38: 0.1687 | O38: 0.3359 | U38: 0.4901 | V38: 0.3673 | AA38: 0.5185 | AJ38: 0.3495 | AK38: 0.1149 | AM38: 0.247 | AN38: 0.3221
A39: 1998 | B39: 0.2836 | D39: 0.1936 | E39: 0.6362 | O39: 0.2002 | U39: 0.3691 | V39: 0.4845 | AA39: 0.6773 | AJ39: 0.2274 | AK39: 0.1446 | AM39: 0.2144 | AN39: 0.2988
A40: 1999 | B40: 0.2129 | D40: 0.0838 | E40: 0.5574 | O40: 0.1252 | U40: 0.2609 | V40: 0.2995 | AA40: 0.4345 | AJ40: 0.4098 | AK40: 0.0932 | AM40: 0.2006 | AN40: 0.2979
A41: 2000 | B41: 0.1475 | C41: 0.0097034357 | D41: 0.0659 | E41: 0.4962 | F41: 0.0046293145 | G41: 0.02451671 | H41: 0.013047838 | I41: 0.016644537 | J41: 0.013338658 | K41: 0.009757765 | L41: 0.023716685 | M41: 0.043558888 | N41: 0.005182934 | O41: 0.117 | P41: 0.011146613 | Q41: 0.02124391 | R41: 0.01624737 | S41: 0.0021337541 | T41: 0.0096802752 | U41: 0.1742 | V41: 0.2897 | W41: 0.041959573 | X41: 0.061709556 | Y41: 0.0022682213 | Z41: 0.0001842101 | AA41: 0.3401 | AB41: 0.007115714 | AC41: 0.027419964 | AD41: 0.00063127638 | AE41: 0.0085908607 | AF41: 0.0089668083 | AG41: 0.022124335 | AH41: 0.0046287111 | AI41: 0.0063656604 | AJ41: 0.5749 | AK41: 0.0396 | AL41: 0.0034499491 | AM41: 0.2343 | AN41: 0.325
A42: 2001 | B42: 0.1681 | C42: 0.012894086 | D42: 0.0418 | E42: 0.5133 | F42: 0.0056941828 | G42: 0.02337643 | H42: 0.018059795 | I42: 0.019636579 | J42: 0.014669197 | K42: 0.013368511 | L42: 0.027417959 | M42: 0.058651664 | N42: 0.0067660723 | O42: 0.1304 | P42: 0.016086573 | Q42: 0.025831622 | R42: 0.01552618 | S42: 0.0026088384 | T42: 0.0129639 | U42: 0.1791 | V42: 0.1699 | W42: 0.058550017 | X42: 0.09520186 | Y42: 0.0029355222 | Z42: 4.0986392e-05 | AA42: 0.3618 | AB42: 0.0084475418 | AC42: 0.029404503 | AD42: 0.00084252213 | AE42: 0.007284788 | AF42: 0.010240471 | AG42: 0.030486524 | AH42: 0.0057054804 | AI42: 0.010954689 | AJ42: 0.3707 | AK42: 0.0177 | AL42: 0.0046398279 | AM42: 0.2094 | AN42: 0.2946
A43: 2002 | B43: 0.1238 | C43: 0.012717823 | D43: 0.0404 | E43: 0.4692 | F43: 0.0055072322 | G43: 0.016077253 | H43: 0.017182056 | I43: 0.026345134 | J43: 0.013269971 | K43: 0.011542247 | L43: 0.033349995 | M43: 0.066063254 | N43: 0.0068207605 | O43: 0.1015 | P43: 0.017462878 | Q43: 0.026016069 | R43: 0.013193806 | S43: 0.0027560496 | T43: 0.014128016 | U43: 0.1383 | V43: 0.1535 | W43: 0.058636987 | X43: 0.11341809 | Y43: 0.0038089952 | Z43: 4.5308655e-05 | AA43: 0.3443 | AB43: 0.010047948 | AC43: 0.032520345 | AD43: 0.0011666376 | AE43: 0.0029220288 | AF43: 0.0099585121 | AG43: 0.029161745 | AH43: 0.0059402424 | AI43: 0.013606247 | AJ43: 0.1475 | AK43: 0.0124 | AL43: 0.0051553699 | AM43: 0.1661 | AN43: 0.2264
A44: 2003 | B44: 0.1262 | C44: 0.015046335 | D44: 0.0604 | E44: 0.4584 | F44: 0.0057840693 | G44: 0.013961228 | H44: 0.011864609 | I44: 0.026577996 | J44: 0.011985431 | K44: 0.012632543 | L44: 0.0389349 | M44: 0.074577295 | N44: 0.008144635 | O44: 0.093 | P44: 0.018240847 | Q44: 0.022800221 | R44: 0.015173864 | S44: 0.003065922 | T44: 0.014537669 | U44: 0.1849 | V44: 0.173 | W44: 0.05376225 | X44: 0.089065645 | Y44: 0.0033742499 | Z44: 1.7708211e-05 | AA44: 0.3081 | AB44: 0.011215945 | AC44: 0.028231931 | AD44: 0.0014111413 | AE44: 0.0029533568 | AF44: 0.012201137 | AG44: 0.03079659 | AH44: 0.0058685035 | AI44: 0.013705003 | AJ44: 0.123 | AK44: 0.0111 | AL44: 0.0072560692 | AM44: 0.1753 | AN44: 0.209
A45: 2004 | B45: 0.1048 | C45: 0.016859268 | D45: 0.0538 | E45: 0.4469 | F45: 0.0066883381 | G45: 0.01254641 | H45: 0.014425473 | I45: 0.020761193 | J45: 0.013875716 | K45: 0.012633195 | L45: 0.055999404 | M45: 0.088687497 | N45: 0.0089930689 | O45: 0.0885 | P45: 0.020488894 | Q45: 0.020058177 | R45: 0.016511122 | S45: 0.0025292213 | T45: 0.017449169 | U45: 0.1521 | V45: 0.2812 | W45: 0.063831654 | X45: 0.092753102 | Y45: 0.00519776 | Z45: 0.0003613699 | AA45: 0.3418 | AB45: 0.011737791 | AC45: 0.038582927 | AD45: 0.0018202369 | AE45: 0.005166745 | AF45: 0.012127869 | AG45: 0.035260137 | AH45: 0.006082195 | AI45: 0.01505244 | AJ45: 0.1189 | AK45: 0.0126 | AL45: 0.0074407222 | AM45: 0.1697 | AN45: 0.2122
A46: 2005 | B46: 0.1178 | C46: 0.020521518 | D46: 0.0417 | E46: 0.3429 | F46: 0.0074535989 | G46: 0.013226628 | H46: 0.012836764 | I46: 0.01331616 | J46: 0.018028035 | K46: 0.014012992 | L46: 0.064757857 | M46: 0.10949206 | N46: 0.00995414 | O46: 0.1057 | P46: 0.021977131 | Q46: 0.018557546 | R46: 0.018631542 | S46: 0.0026896449 | T46: 0.020256645 | U46: 0.1201 | V46: 0.1702 | W46: 0.079056028 | X46: 0.10443705 | Y46: 0.0040252078 | Z46: 0.00062283171 | AA46: 0.3279 | AB46: 0.013937766 | AC46: 0.044405645 | AD46: 0.0025295966 | AE46: 0.0083920317 | AF46: 0.015545263 | AG46: 0.038293247 | AH46: 0.0069814928 | AI46: 0.01633576 | AJ46: 0.1209 | AK46: 0.0168 | AL46: 0.0081568468 | AM46: 0.1962 | AN46: 0.2318
A47: 2006 | B47: 0.1012 | C47: 0.022848619 | D47: 0.0379 | E47: 0.3331 | F47: 0.0096406095 | G47: 0.015565375 | H47: 0.011867214 | I47: 0.015638671 | J47: 0.019897199 | K47: 0.017356819 | L47: 0.078413073 | M47: 0.10116034 | N47: 0.01192042 | O47: 0.0456 | P47: 0.026201117 | Q47: 0.018662949 | R47: 0.026986706 | S47: 0.003275405 | T47: 0.022966212 | U47: 0.1142 | V47: 0.1867 | W47: 0.11446034 | X47: 0.12744453 | Y47: 0.0069567367 | Z47: 0.00081472756 | AA47: 0.3565 | AB47: 0.014845296 | AC47: 0.042793449 | AD47: 0.0030355617 | AE47: 0.011576964 | AF47: 0.016453091 | AG47: 0.042255613 | AH47: 0.0087547488 | AI47: 0.016414754 | AJ47: 0.14 | AK47: 0.0156 | AL47: 0.0082633435 | AM47: 0.211 | AN47: 0.2711
A48: 2007 | B48: 0.1473 | C48: 0.02432748 | D48: 0.0355 | E48: 0.3493 | F48: 0.010488169 | G48: 0.024182274 | H48: 0.012616001 | I48: 0.019103658 | J48: 0.023281874 | K48: 0.018200269 | L48: 0.088333334 | M48: 0.102369 | N48: 0.013786097 | O48: 0.0363 | P48: 0.029112277 | Q48: 0.018499079 | R48: 0.032020612 | S48: 0.0035070399 | T48: 0.02621034 | U48: 0.1104 | V48: 0.2062 | W48: 0.12898607 | X48: 0.14986427 | Y48: 0.0097325058 | Z48: 0.00058344525 | AA48: 0.2333 | AB48: 0.017244131 | AC48: 0.046229132 | AD48: 0.003739114 | AE48: 0.014449913 | AF48: 0.022454073 | AG48: 0.043909658 | AH48: 0.011160643 | AI48: 0.019916154 | AJ48: 0.1476 | AK48: 0.0114 | AL48: 0.012433064 | AM48: 0.2391 | AN48: 0.2518
A49: 2008 | B49: 0.1822 | C49: 0.027754718 | D49: 0.0164 | E49: 0.311 | F49: 0.011290024 | G49: 0.027138078 | H49: 0.01324372 | I49: 0.016690007 | J49: 0.029163873 | K49: 0.017439773 | L49: 0.10394101 | M49: 0.11616397 | N49: 0.016715631 | O49: 0.0154 | P49: 0.03281993 | Q49: 0.020062165 | R49: 0.036132287 | S49: 0.0037305799 | T49: 0.028368216 | U49: 0.1012 | V49: 0.2347 | W49: 0.14662551 | X49: 0.16062656 | Y49: 0.0091692816 | Z49: 0.0007810122 | AA49: 0.2519 | AB49: 0.016470958 | AC49: 0.052125708 | AD49: 0.004924387 | AE49: 0.018108701 | AF49: 0.037431666 | AG49: 0.048144606 | AH49: 0.014643886 | AI49: 0.024252673 | AJ49: 0.2087 | AK49: 0.0135 | AL49: 0.015337291 | AM49: 0.2165 | AN49: 0.1919
A50: 2009 | B50: 0.1568 | C50: 0.023822064 | D50: 0.0402 | E50: 0.2887 | F50: 0.0084918502 | G50: 0.025088408 | H50: 0.014668374 | I50: 0.014879836 | J50: 0.023180713 | K50: 0.015397914 | L50: 0.092667955 | M50: 0.089386743 | N50: 0.014384915 | O50: 0.0197 | P50: 0.02566489 | Q50: 0.013185133 | R50: 0.035690613 | S50: 0.0026454481 | T50: 0.022047165 | U50: 0.0889 | V50: 0.2841 | W50: 0.13037988 | X50: 0.13243625 | Y50: 0.0073440846 | Z50: 0.00099330251 | AA50: 0.2032 | AB50: 0.012806244 | AC50: 0.036719295 | AD50: 0.0030193422 | AE50: 0.017705224 | AF50: 0.035204516 | AG50: 0.036464399 | AH50: 0.0088726206 | AI50: 0.014091765 | AJ50: 0.2485 | AK50: 0.0237 | AL50: 0.0097026586 | AM50: 0.2008 | AN50: 0.169
A51: 2010 | B51: 0.1591 | C51: 0.024962299 | D51: 0.0308 | E51: 0.3773 | F51: 0.011240531 | G51: 0.028362079 | H51: 0.019652248 | I51: 0.018419783 | J51: 0.026643801 | K51: 0.0174311 | L51: 0.096582912 | M51: 0.089931633 | N51: 0.015991025 | O51: 0.0285 | P51: 0.027663052 | Q51: 0.015253766 | R51: 0.035668695 | S51: 0.0038576645 | T51: 0.023431647 | U51: 0.0545 | V51: 0.2461 | W51: 0.15280048 | X51: 0.15653069 | Y51: 0.012587006 | Z51: 0.00027204267 | AA51: 0.2331 | AB51: 0.013681457 | AC51: 0.041849424 | AD51: 0.0032187982 | AE51: 0.022222106 | AF51: 0.039612625 | AG51: 0.034853835 | AH51: 0.010175312 | AI51: 0.018350079 | AJ51: 0.197 | AK51: 0.0604 | AL51: 0.011529707 | AM51: 0.2425 | AN51: 0.245
A52: 2011 | B52: 0.1686 | C52: 0.027924704 | D52: 0.0371 | E52: 0.3165 | F52: 0.013720757 | G52: 0.026751716 | H52: 0.023989089 | I52: 0.014277437 | J52: 0.032109054 | K52: 0.018868677 | L52: 0.10932957 | M52: 0.093865763 | N52: 0.017465815 | O52: 0.0073 | P52: 0.032466082 | Q52: 0.016896812 | R52: 0.032053153 | S52: 0.0054558331 | T52: 0.024754105 | U52: 0.0941 | V52: 0.1933 | W52: 0.17414332 | X52: 0.16575525 | Y52: 0.014703132 | Z52: 0.00029618529 | AA52: 0.2495 | AB52: 0.014810178 | AC52: 0.044849371 | AD52: 0.0032591438 | AE52: 0.022482439 | AF52: 0.036435908 | AG52: 0.038901846 | AH52: 0.011471408 | AI52: 0.022764383 | AJ52: 0.0897 | AK52: 0.0207 | AL52: 0.013129717 | AM52: 0.2703 | AN52: 0.2654
... A58: 2017 | B58: 0.2334 | C58: 0.014753293 | D58: 0.014 | E58: 0.4388 | F58: 0.010645313 | G58: 0.026667067 | H58: 0.012670724 | I58: 0.018584153 | J58: 0.019390088 | K58: 0.0090405018 | L58: 0.072460899 | M58: 0.05688203 | N58: 0.011809604 | O58: 0.1257 | P58: 0.020132969 | Q58: 0.0081079673 | R58: 0.016805815 | S58: 0.0040718306 | T58: 0.01771196 | U58: 0.1073 | V58: 0.1664 | W58: 0.13863971 | X58: 0.14841054 | Y58: 0.010973731 | Z58: 0.000334967 | AA58: 0.1052 | AB58: 0.010306738 | AC58: 0.029873814 | AD58: 0.0032708963 | AE58: 0.017632281 | AF58: 0.020892643 | AG58: 0.025429566 | AH58: 0.0067634823 | AI58: 0.014338189 | AJ58: 0.0261 | AK58: 0.0117 | AL58: 0.0082382266 | AM58: 0.092 | AN58: 0.1205
A61: China | B61: Armenia | C61: Austria | D61: Azerbaijan | E61: Belarus | F61: Belgium | G61: Bulgaria | H61: Croatia | I61: Cyprus | J61: Czech | K61: Denmark | L61: Estonia | M61: Finland | N61: France | O61: Georgia | P61: Germany | Q61: Greece | R61: Hungary | S61: Ireland | T61: Italy | U61: Kazakhstan | V61: Kyrgyzstan | W61: latvia | X61: Lithuania | Y61: Luxembourg | Z61: Malta | AA61: Moldova | AB61: Netherlands | AC61: Poland | AD61: Portugal | AE61: Romania | AF61: Slovakia | AG61: Slovenia | AH61: Spain | AI61: Sweden | AJ61: Tajikistan | AK61: Turkmenistan | AL61: UK | AM61: Ukraine | AN61: Uzbekistan
A62: 1991
A63: 1992
A64: 1993
A65: 1994
A66: 1995 | B66: 0.0016 | D66: 0.0253 | E66: 0.014 | O66: 0.0006 | U66: 0.2446 | V66: 0.3025 | AA66: 0.0009 | AJ66: 0.0386 | AK66: 0.0141 | AM66: 0.0717 | AN66: 0.0497
A67: 1996 | D67: 0.0007 | E67: 0.0149 | O67: 0.0013 | U67: 0.073 | V67: 0.1163 | AA67: 0.0014 | AJ67: 0.0126 | AK67: 0.006 | AM67: 0.0529 | AN67: 0.059
A68: 1997 | D68: 0.0242 | E68: 0.012 | O68: 0.0072 | U68: 0.0818 | V68: 0.1194 | AA68: 0.0006 | AJ68: 0.0325 | AK68: 0.0028 | AM68: 0.0744 | AN68: 0.0528
A69: 1998 | B69: 0.0001 | D69: 0.0018 | E69: 0.0143 | O69: 0.0061 | U69: 0.0942 | V69: 0.057 | AA69: 0.0006 | AJ69: 0.0302 | AK69: 0.0072 | AM69: 0.056 | AN69: 0.018
A70: 1999 | B70: 0.0005 | D70: 0.0002 | E70: 0.0093 | O70: 0.0042 | U70: 0.1275 | V70: 0.0959 | AA70: 0 | AJ70: 0.0213 | AK70: 0.0027 | AM70: 0.0613 | AN70: 0.0083
A71: 2000 | B71: 0.006 | C71: 0.0079874745 | D71: 0.003 | E71: 0.0219 | F71: 0.0065699552 | G71: 0.0022688662 | H71: 0.00088488073 | I71: 0.0013831034 | J71: 0.0022707216 | K71: 0.0076344146 | L71: 0.0019904779 | M71: 0.029294597 | N71: 0.0096528546 | O71: 0.0016 | P71: 0.015831943 | Q71: 0.0026205189 | R71: 0.0014440807 | S71: 0.0019843667 | T71: 0.0091408258 | U71: 0.0725 | V71: 0.0891 | W71: 0.00011196834 | X71: 0.00042048099 | Y71: 0.0074832765 | Z71: 0.00061106867 | AA71: 0.0111 | AB71: 0.0044204599 | AC71: 0.0031233202 | AD71: 0.0019987205 | AE71: 0.0082642303 | AF71: 0.00079648662 | AG71: 0.0016674221 | AH71: 0.0044355931 | AI71: 0.021660304 | AJ71: 0.0251 | AK71: 0.0028 | AL71: 0.0077354596 | AM71: 0.0413 | AN71: 0.0057
A72: 2001 | B72: 0.0004 | C72: 0.011082589 | D72: 0.0014 | E72: 0.0222 | F72: 0.0079562437 | G72: 0.0018983687 | H72: 0.00046099239 | I72: 0.0013780249 | J72: 0.0024135329 | K72: 0.0079131 | L72: 0.0044456789 | M72: 0.02619769 | N72: 0.0098365812 | O72: 0.0033 | P72: 0.018985691 | Q72: 0.0037472027 | R72: 0.0037097419 | S72: 0.0037009805 | T72: 0.011995621 | U72: 0.0744 | V72: 0.0507 | W72: 0.00082431949 | X72: 0.00043033723 | Y72: 0.0054732068 | Z72: 0.00070813086 | AA72: 0.0143 | AB72: 0.0048042844 | AC72: 0.0050024912 | AD72: 0.002233653 | AE72: 0.0078362166 | AF72: 0.0010043113 | AG72: 0.0012202383 | AH72: 0.0048646378 | AI72: 0.020475231 | AJ72: 0.0155 | AK72: 0.0006 | AL72: 0.0090124447 | AM72: 0.0303 | AN72: 0.0038
A73: 2002 | B73: 0.0081 | C73: 0.014237851 | D73: 0.0007 | E73: 0.031 | F73: 0.0087925145 | G73: 0.0022050865 | H73: 0.00050321946 | I73: 0.00097564054 | J73: 0.0038578231 | K73: 0.0088972849 | L73: 0.0056272589 | M73: 0.025680186 | N73: 0.010571383 | O73: 0.004 | P73: 0.022372347 | Q73: 0.0050298641 | R73: 0.0044866944 | S73: 0.0058217044 | T73: 0.014931075 | U73: 0.0952 | V73: 0.0894 | W73: 0.00127177 | X73: 0.00054891884 | Y73: 0.0054390411 | Z73: 0.0024294911 | AA73: 0.006 | AB73: 0.0060978301 | AC73: 0.0050480014 | AD73: 0.0029419128 | AE73: 0.01473221 | AF73: 0.002774465 | AG73: 0.0020897204 | AH73: 0.0059186654 | AI73: 0.017477558 | AJ73: 0.0105 | AK73: 0.0003 | AL73: 0.0079769189 | AM73: 0.0367 | AN73: 0.0177
A74: 2003 | B74: 0.0062 | C74: 0.010520677 | D74: 0.0091 | E74: 0.0183 | F74: 0.010062409 | G74: 0.0081728523 | H74: 0.00069165928 | I74: 0.0019688307 | J74: 0.004958931 | K74: 0.010803784 | L74: 0.0067221867 | M74: 0.027684855 | N74: 0.013552409 | O74: 0.0066 | P74: 0.027489704 | Q74: 0.0042765258 | R74: 0.0041338763 | S74: 0.0071120058 | T74: 0.01455054 | U74: 0.1567 | V74: 0.0692 | W74: 0.005705828 | X74: 0.0011719823 | Y74: 0.010954523 | Z74: 0.0041129772 | AA74: 0.0072 | AB74: 0.0064027762 | AC74: 0.0047480512 | AD74: 0.0053363492 | AE74: 0.015914293 | AF74: 0.0064015429 | AG74: 0.0023446732 | AH74: 0.0079394188 | AI74: 0.02180337 | AJ74: 0.0321 | AK74: 0.0017 | AL74: 0.010310968 | AM74: 0.045 | AN74: 0.0966
A75: 2004 | B75: 0.0304 | C75: 0.012115406 | D75: 0.0113 | E75: 0.0222 | F75: 0.0095442403 | G75: 0.0037375587 | H75: 0.00090228336 | I75: 0.0023729015 | J75: 0.0039804987 | K75: 0.012939197 | L75: 0.0060081828 | M75: 0.039844608 | N75: 0.014747476 | O75: 0.0249 | P75: 0.028696698 | Q75: 0.0044943101 | R75: 0.0071966539 | S75: 0.007582806 | T75: 0.015640443 | U75: 0.1101 | V75: 0.0721 | W75: 0.0026903373 | X75: 0.0012529928 | Y75: 0.0073913554 | Z75: 0.007695593 | AA75: 0.0001 | AB75: 0.0081680619 | AC75: 0.0075120828 | AD75: 0.0035134758 | AE75: 0.0083324695 | AF75: 0.0028000136 | AG75: 0.0023112192 | AH75: 0.0078890998 | AI75: 0.020914854 | AJ75: 0.0241 | AK75: 0.0042 | AL75: 0.012466132 | AM75: 0.026 | AN75: 0.1369
A76: 2005 | B76: 0.0094 | C76: 0.015825616 | D76: 0.0169 | E76: 0.0277 | F76: 0.010087501 | G76: 0.0062283442 | H76: 0.0010092832 | I76: 0.0097845403 | J76: 0.0038301701 | K76: 0.012404243 | L76: 0.0054426633 | M76: 0.029669612 | N76: 0.016904855 | O76: 0.0036 | P76: 0.027120797 | Q76: 0.0054473157 | R76: 0.0065576884 | S76: 0.010306694 | T76: 0.015348425 | U76: 0.108 | V76: 0.0455 | W76: 0.0020034784 | X76: 0.0011704664 | Y76: 0.0090254085 | Z76: 0.0091552177 | AA76: 0.0005 | AB76: 0.0080379472 | AC76: 0.0066268182 | AD76: 0.0054786317 | AE76: 0.0074269778 | AF76: 0.0039856842 | AG76: 0.0028036337 | AH76: 0.0098393173 | AI76: 0.019267683 | AJ76: 0.018 | AK76: 0.0043 | AL76: 0.012686956 | AM76: 0.0166 | AN76: 0.1195
A77: 2006 | B77: 0.0075 | C77: 0.011821899 | D77: 0.0016 | E77: 0.02 | F77: 0.010033984 | G77: 0.0053038584 | H77: 0.0016288132 | I77: 0.0083013511 | J77: 0.0042028438 | K77: 0.012332532 | L77: 0.027394561 | M77: 0.032103347 | N77: 0.020388304 | O77: 0.0063 | P77: 0.030728855 | Q77: 0.0052766834 | R77: 0.010296197 | S77: 0.010088551 | T77: 0.017125332 | U77: 0.1105 | V77: 0.0544 | W77: 0.0031788482 | X77: 0.0013259626 | Y77: 0.01245893 | Z77: 0.023925906 | AA77: 0.0005 | AB77: 0.0090431359 | AC77: 0.0069050237 | AD77: 0.0059998785 | AE77: 0.0067183787 | AF77: 0.0052684416 | AG77: 0.0030517095 | AH77: 0.010064403 | AI77: 0.019010045 | AJ77: 0.0199 | AK77: 0.0031 | AL77: 0.013119613 | AM77: 0.0099 | AN77: 0.1182
A78: 2007 | B78: 0.0086 | C78: 0.01395792 | D78: 0.0007 | E78: 0.0215 | F78: 0.010623522 | G78: 0.0055319754 | H78: 0.0015971042 | I78: 0.0074446718 | J78: 0.0056713294 | K78: 0.017631707 | L78: 0.0080601155 | M78: 0.032905116 | N78: 0.02210451 | O78: 0.0049 | P78: 0.030967209 | Q78: 0.0068312381 | R78: 0.010807294 | S78: 0.014879324 | T78: 0.017244219 | U78: 0.1367 | V78: 0.0719 | W78: 0.0027648126 | X78: 0.0012273048 | Y78: 0.011783035 | Z78: 0.010891841 | AA78: 0.0011 | AB78: 0.0092654855 | AC78: 0.0070843535 | AD78: 0.0047301237 | AE78: 0.005301766 | AF78: 0.0075179456 | AG78: 0.0031229528 | AH78: 0.011417984 | AI78: 0.019466953 | AJ78: 0.0094 | AK78: 0.0082 | AL78: 0.016581821 | AM78: 0.0106 | AN78: 0.0624
A79: 2008 | B79: 0.0092 | C79: 0.015783065 | D79: 0.0129 | E79: 0.0197 | F79: 0.010673764 | G79: 0.0072086443 | H79: 0.0025909111 | I79: 0.0065840276 | J79: 0.0054948473 | K79: 0.018751168 | L79: 0.0063407616 | M79: 0.031417247 | N79: 0.021416808 | O79: 0.0035 | P79: 0.03461661 | Q79: 0.0063412245 | R79: 0.010324835 | S79: 0.018651978 | T79: 0.017431325 | U79: 0.1259 | V79: 0.0367 | W79: 0.0027320369 | X79: 0.001174013 | Y79: 0.0090241303 | Z79: 0.010401604 | AA79: 0.002 | AB79: 0.0091415772 | AC79: 0.0074780027 | AD79: 0.0047369422 | AE79: 0.0047599573 | AF79: 0.0086540801 | AG79: 0.0052228187 | AH79: 0.011139038 | AI79: 0.021616225 | AJ79: 0.0201 | AK79: 0.0039 | AL79: 0.018505876 | AM79: 0.008 | AN79: 0.0475
A80: 2009 | B80: 0.0272 | C80: 0.019526133 | D80: 0.0081 | E80: 0.0244 | F80: 0.016390982 | G80: 0.0082026391 | H80: 0.0039243212 | I80: 0.012433925 | J80: 0.0074296152 | K80: 0.022614672 | L80: 0.0084548816 | M80: 0.041219663 | N80: 0.022619113 | O80: 0.0047 | P80: 0.046403082 | Q80: 0.0091503283 | R80: 0.014893599 | S80: 0.019437019 | T80: 0.02272359 | U80: 0.147 | V80: 0.0191 | W80: 0.0030125057 | X80: 0.0018572053 | Y80: 0.0079919652 | Z80: 0.013137933 | AA80: 0.0022 | AB80: 0.013257256 | AC80: 0.010726196 | AD80: 0.0069981423 | AE80: 0.0073331666 | AF80: 0.013705365 | AG80: 0.004562335 | AH80: 0.012020135 | AI80: 0.031400113 | AJ80: 0.213 | AK80: 0.02 | AL80: 0.021962732 | AM80: 0.034 | AN80: 0.0686
A81: 2010 | B81: 0.0339 | C81: 0.022361654 | D81: 0.0125 | E81: 0.0201 | F81: 0.017572629 | G81: 0.012043276 | H81: 0.003186949 | I81: 0.014786532 | J81: 0.0091547107 | K81: 0.024371373 | L81: 0.012827635 | M81: 0.052112056 | N81: 0.028004877 | O81: 0.018 | P81: 0.056506441 | Q81: 0.014876097 | R81: 0.016351556 | S81: 0.017745538 | T81: 0.025515137 | U81: 0.1854 | V81: 0.0186 | W81: 0.0039671679 | X81: 0.0017743898 | Y81: 0.0093785631 | Z81: 0.022530191 | AA81: 0.0039 | AB81: 0.012754933 | AC81: 0.010232656 | AD81: 0.0062545226 | AE81: 0.0082386048 | AF81: 0.019914864 | AG81: 0.0048244135 | AH81: 0.013683372 | AI81: 0.031230559 | AJ81: 0.0514 | AK81: 0.388 | AL81: 0.02651427 | AM81: 0.0261 | AN81: 0.2095
A82: 2011 | B82: 0.0139 | C82: 0.021646491 | D82: 0.0051 | E82: 0.0169 | F82: 0.021458622 | G82: 0.014492895 | H82: 0.0040887232 | I82: 0.014299858 | J82: 0.010246316 | K82: 0.025015184 | L82: 0.016919532 | M82: 0.046902071 | N82: 0.031636344 | O82: 0.0104 | P82: 0.061112863 | Q82: 0.012536483 | R82: 0.0153659 | S82: 0.016335957 | T82: 0.026590988 | U82: 0.2046 | V82: 0.0242 | W82: 0.0049346354 | X82: 0.0028578143 | Y82: 0.01143206 | Z82: 0.023171046 | AA82: 0.0049 | AB82: 0.01432307 | AC82: 0.0098348394 | AD82: 0.0092599765 | AE82: 0.0086167339 | AF82: 0.02600394 | AG82: 0.0044640034 | AH82: 0.01538129 | AI82: 0.032908382 | AJ82: 0.0717 | AK82: 0.6235 | AL82: 0.027051089 | AM82: 0.0314 | AN82: 0.1201
... A88: 2017 | B88: 0.0538 | C88: 0.02644882 | D88: 0.0305 | E88: 0.0132 | F88: 0.021164836 | G88: 0.024460438 | H88: 0.0088244026 | I88: 0.021359851 | J88: 0.013253123 | K88: 0.044040563 | L88: 0.016995249 | M88: 0.057286252 | N88: 0.039813623 | O88: 0.065 | P88: 0.068023533 | Q88: 0.016415239 | R88: 0.015660695 | S88: 0.035828286 | T88: 0.030032846 | U88: 0.1328 | V88: 0.0527 | W88: 0.011869899 | X88: 0.0067832167 | Y88: 0.015372306 | Z88: 0.016936157 | AA88: 0.0129 | AB88: 0.021047129 | AC88: 0.0099364697 | AD88: 0.01531412 | AE88: 0.011774537 | AF88: 0.016207389 | AG88: 0.016527392 | AH88: 0.021015188 | AI88: 0.044797275 | AJ88: 0.0487 | AK88: 0.8349 | AL88: 0.048218018 | AM88: 0.0436 | AN88: 0.1667
