Workbook

Sheet Political Hierarchy
A1: US | B1: Armenia | C1: Austria | D1: Azerbaijan | E1: Belarus | F1: Belgium | G1: Bulgaria | H1: Croatia | I1: Cyprus | J1: Czech | K1: Denmark | L1: Estonia | M1: Finland | N1: France | O1: Georgia | P1: Germany | Q1: Greece | R1: Hungary | S1: Ireland | T1: Italy | U1: Kazakhstan | V1: Kyrgyzstan | W1: latvia | X1: Lithuania | Y1: Luxembourg | Z1: Malta | AA1: Moldova | AB1: Netherlands | AC1: Poland | AD1: Portugal | AE1: Romania | AF1: Slovakia | AG1: Slovenia | AH1: Spain | AI1: Sweden | AJ1: Tajikistan | AK1: Turkmenistan | AL1: Ukraine | AM1: UK | AN1: Uzbekistan
A2: 1991
A3: 1992
A4: 1993
A5: 1994
A6: 1995
A7: 1996
A8: 1997
A9: 1998
A10: 1999
A11: 2000
A12: 2001
A13: 2002
A14: 2003 | B14: ='UNGA Voting'!B14*(1/2)+'HeadofState Meetings'!B14*(1/2) -> 0.095 | C14: ='UNGA Voting'!C14*(1/2)+'HeadofState Meetings'!C14*(1/2) -> 0.1644737 | D14: ='UNGA Voting'!D14*(1/2)+'HeadofState Meetings'!D14*(1/2) -> 0.32 | E14: ='UNGA Voting'!E14*(1/2)+'HeadofState Meetings'!E14*(1/2) -> 0.075 | F14: ='UNGA Voting'!F14*(1/2)+'HeadofState Meetings'!F14*(1/2) -> 0.19333335 | G14: ='UNGA Voting'!G14*(1/2)+'HeadofState Meetings'!G14*(1/2) -> 0.43421055 | H14: ='UNGA Voting'!H14*(1/2)+'HeadofState Meetings'!H14*(1/2) -> 0.1644737 | I14: ='UNGA Voting'!I14*(1/2)+'HeadofState Meetings'!I14*(1/2) -> 0.15789475 | ... AN14: ='UNGA Voting'!AN14*(1/2)+'HeadofState Meetings'!AN14*(1/2) -> 0.105
A15: 2004 | B15: ='UNGA Voting'!B15*(1/2)+'HeadofState Meetings'!B15*(1/2) -> 0.08 | C15: ='UNGA Voting'!C15*(1/2)+'HeadofState Meetings'!C15*(1/2) -> 0.17605635 | D15: ='UNGA Voting'!D15*(1/2)+'HeadofState Meetings'!D15*(1/2) -> 0.06 | E15: ='UNGA Voting'!E15*(1/2)+'HeadofState Meetings'!E15*(1/2) -> 0.03 | F15: ='UNGA Voting'!F15*(1/2)+'HeadofState Meetings'!F15*(1/2) -> 0.42391305 | G15: ='UNGA Voting'!G15*(1/2)+'HeadofState Meetings'!G15*(1/2) -> 0.67605635 | H15: ='UNGA Voting'!H15*(1/2)+'HeadofState Meetings'!H15*(1/2) -> 0.42605635 | I15: ='UNGA Voting'!I15*(1/2)+'HeadofState Meetings'!I15*(1/2) -> 0.1690141 | ... AN15: ='UNGA Voting'!AN15*(1/2)+'HeadofState Meetings'!AN15*(1/2) -> 0.05
A16: 2005 | B16: ='UNGA Voting'!B16*(1/2)+'HeadofState Meetings'!B16*(1/2) -> 0.07 | C16: ='UNGA Voting'!C16*(1/2)+'HeadofState Meetings'!C16*(1/2) -> 0.40753425 | D16: ='UNGA Voting'!D16*(1/2)+'HeadofState Meetings'!D16*(1/2) -> 0.05 | E16: ='UNGA Voting'!E16*(1/2)+'HeadofState Meetings'!E16*(1/2) -> 0.05 | F16: ='UNGA Voting'!F16*(1/2)+'HeadofState Meetings'!F16*(1/2) -> 0.41438355 | G16: ='UNGA Voting'!G16*(1/2)+'HeadofState Meetings'!G16*(1/2) -> 0.66438355 | H16: ='UNGA Voting'!H16*(1/2)+'HeadofState Meetings'!H16*(1/2) -> 0.15753425 | I16: ='UNGA Voting'!I16*(1/2)+'HeadofState Meetings'!I16*(1/2) -> 0.15068495 | ... AN16: ='UNGA Voting'!AN16*(1/2)+'HeadofState Meetings'!AN16*(1/2) -> 0.04
A17: 2006 | B17: ='UNGA Voting'!B17*(1/2)+'HeadofState Meetings'!B17*(1/2) -> 0.045 | C17: ='UNGA Voting'!C17*(1/2)+'HeadofState Meetings'!C17*(1/2) -> 0.36494255 | D17: ='UNGA Voting'!D17*(1/2)+'HeadofState Meetings'!D17*(1/2) -> 0.29 | E17: ='UNGA Voting'!E17*(1/2)+'HeadofState Meetings'!E17*(1/2) -> 0.035 | F17: ='UNGA Voting'!F17*(1/2)+'HeadofState Meetings'!F17*(1/2) -> 0.622093 | G17: ='UNGA Voting'!G17*(1/2)+'HeadofState Meetings'!G17*(1/2) -> 0.3821839 | H17: ='UNGA Voting'!H17*(1/2)+'HeadofState Meetings'!H17*(1/2) -> 0.37068965 | I17: ='UNGA Voting'!I17*(1/2)+'HeadofState Meetings'!I17*(1/2) -> 0.11764705 | ... AN17: ='UNGA Voting'!AN17*(1/2)+'HeadofState Meetings'!AN17*(1/2) -> 0.035
A18: 2007 | B18: ='UNGA Voting'!B18*(1/2)+'HeadofState Meetings'!B18*(1/2) -> 0.06 | C18: ='UNGA Voting'!C18*(1/2)+'HeadofState Meetings'!C18*(1/2) -> 0.13636365 | D18: ='UNGA Voting'!D18*(1/2)+'HeadofState Meetings'!D18*(1/2) -> 0.035 | E18: ='UNGA Voting'!E18*(1/2)+'HeadofState Meetings'!E18*(1/2) -> 0.025 | F18: ='UNGA Voting'!F18*(1/2)+'HeadofState Meetings'!F18*(1/2) -> 0.14935065 | G18: ='UNGA Voting'!G18*(1/2)+'HeadofState Meetings'!G18*(1/2) -> 0.39285715 | H18: ='UNGA Voting'!H18*(1/2)+'HeadofState Meetings'!H18*(1/2) -> 0.14473685 | I18: ='UNGA Voting'!I18*(1/2)+'HeadofState Meetings'!I18*(1/2) -> 0.14285715 | ... AN18: ='UNGA Voting'!AN18*(1/2)+'HeadofState Meetings'!AN18*(1/2) -> 0.035
A19: 2008 | B19: ='UNGA Voting'!B19*(1/2)+'HeadofState Meetings'!B19*(1/2) -> 0.055 | C19: ='UNGA Voting'!C19*(1/2)+'HeadofState Meetings'!C19*(1/2) -> 0.125 | D19: ='UNGA Voting'!D19*(1/2)+'HeadofState Meetings'!D19*(1/2) -> 0.035 | E19: ='UNGA Voting'!E19*(1/2)+'HeadofState Meetings'!E19*(1/2) -> 0.03 | F19: ='UNGA Voting'!F19*(1/2)+'HeadofState Meetings'!F19*(1/2) -> 0.38194445 | G19: ='UNGA Voting'!G19*(1/2)+'HeadofState Meetings'!G19*(1/2) -> 0.6338028 | H19: ='UNGA Voting'!H19*(1/2)+'HeadofState Meetings'!H19*(1/2) -> 0.38194445 | I19: ='UNGA Voting'!I19*(1/2)+'HeadofState Meetings'!I19*(1/2) -> 0.13194445 | ... AN19: ='UNGA Voting'!AN19*(1/2)+'HeadofState Meetings'!AN19*(1/2) -> 0.03
A20: 2009 | B20: ='UNGA Voting'!B20*(1/2)+'HeadofState Meetings'!B20*(1/2) -> 0.09 | C20: ='UNGA Voting'!C20*(1/2)+'HeadofState Meetings'!C20*(1/2) -> 0.19402985 | D20: ='UNGA Voting'!D20*(1/2)+'HeadofState Meetings'!D20*(1/2) -> 0.055 | E20: ='UNGA Voting'!E20*(1/2)+'HeadofState Meetings'!E20*(1/2) -> 0.04 | F20: ='UNGA Voting'!F20*(1/2)+'HeadofState Meetings'!F20*(1/2) -> 0.4589552 | G20: ='UNGA Voting'!G20*(1/2)+'HeadofState Meetings'!G20*(1/2) -> 0.4621212 | H20: ='UNGA Voting'!H20*(1/2)+'HeadofState Meetings'!H20*(1/2) -> 0.4469697 | I20: ='UNGA Voting'!I20*(1/2)+'HeadofState Meetings'!I20*(1/2) -> 0.19402985 | ... AN20: ='UNGA Voting'!AN20*(1/2)+'HeadofState Meetings'!AN20*(1/2) -> 0.05
A21: 2010 | B21: ='UNGA Voting'!B21*(1/2)+'HeadofState Meetings'!B21*(1/2) -> 0.33 | C21: ='UNGA Voting'!C21*(1/2)+'HeadofState Meetings'!C21*(1/2) -> 0.4242424 | D21: ='UNGA Voting'!D21*(1/2)+'HeadofState Meetings'!D21*(1/2) -> 0.305 | E21: ='UNGA Voting'!E21*(1/2)+'HeadofState Meetings'!E21*(1/2) -> 0.055 | F21: ='UNGA Voting'!F21*(1/2)+'HeadofState Meetings'!F21*(1/2) -> 0.6969697 | G21: ='UNGA Voting'!G21*(1/2)+'HeadofState Meetings'!G21*(1/2) -> 0.4423077 | H21: ='UNGA Voting'!H21*(1/2)+'HeadofState Meetings'!H21*(1/2) -> 0.4269231 | I21: ='UNGA Voting'!I21*(1/2)+'HeadofState Meetings'!I21*(1/2) -> 0.1742424 | ... AN21: ='UNGA Voting'!AN21*(1/2)+'HeadofState Meetings'!AN21*(1/2) -> 0.055
A22: 2011 | B22: ='UNGA Voting'!B22*(1/2)+'HeadofState Meetings'!B22*(1/2) -> 0.12 | C22: ='UNGA Voting'!C22*(1/2)+'HeadofState Meetings'!C22*(1/2) -> 0.23076925 | D22: ='UNGA Voting'!D22*(1/2)+'HeadofState Meetings'!D22*(1/2) -> 0.095 | E22: ='UNGA Voting'!E22*(1/2)+'HeadofState Meetings'!E22*(1/2) -> 0.065 | F22: ='UNGA Voting'!F22*(1/2)+'HeadofState Meetings'!F22*(1/2) -> 0.25384615 | G22: ='UNGA Voting'!G22*(1/2)+'HeadofState Meetings'!G22*(1/2) -> 0.25 | H22: ='UNGA Voting'!H22*(1/2)+'HeadofState Meetings'!H22*(1/2) -> 0.26271185 | I22: ='UNGA Voting'!I22*(1/2)+'HeadofState Meetings'!I22*(1/2) -> 0.23846155 | ... AN22: ='UNGA Voting'!AN22*(1/2)+'HeadofState Meetings'!AN22*(1/2) -> 0.07
A23: 2012 | B23: ='UNGA Voting'!B23*(1/2)+'HeadofState Meetings'!B23*(1/2) -> 0.09 | C23: ='UNGA Voting'!C23*(1/2)+'HeadofState Meetings'!C23*(1/2) -> 0.41911765 | D23: ='UNGA Voting'!D23*(1/2)+'HeadofState Meetings'!D23*(1/2) -> 0.32 | E23: ='UNGA Voting'!E23*(1/2)+'HeadofState Meetings'!E23*(1/2) -> 0.06 | F23: ='UNGA Voting'!F23*(1/2)+'HeadofState Meetings'!F23*(1/2) -> 0.43656715 | G23: ='UNGA Voting'!G23*(1/2)+'HeadofState Meetings'!G23*(1/2) -> 0.6792453 | H23: ='UNGA Voting'!H23*(1/2)+'HeadofState Meetings'!H23*(1/2) -> 0.4216418 | I23: ='UNGA Voting'!I23*(1/2)+'HeadofState Meetings'!I23*(1/2) -> 0.1764706 | ... AN23: ='UNGA Voting'!AN23*(1/2)+'HeadofState Meetings'!AN23*(1/2) -> 0.07
A24: 2013 | B24: ='UNGA Voting'!B24*(1/2)+'HeadofState Meetings'!B24*(1/2) -> 0.085 | C24: ='UNGA Voting'!C24*(1/2)+'HeadofState Meetings'!C24*(1/2) -> 0.1953125 | D24: ='UNGA Voting'!D24*(1/2)+'HeadofState Meetings'!D24*(1/2) -> 0.085 | E24: ='UNGA Voting'!E24*(1/2)+'HeadofState Meetings'!E24*(1/2) -> 0.07 | F24: ='UNGA Voting'!F24*(1/2)+'HeadofState Meetings'!F24*(1/2) -> 0.2142857 | G24: ='UNGA Voting'!G24*(1/2)+'HeadofState Meetings'!G24*(1/2) -> 0.2109375 | H24: ='UNGA Voting'!H24*(1/2)+'HeadofState Meetings'!H24*(1/2) -> 0.2063492 | I24: ='UNGA Voting'!I24*(1/2)+'HeadofState Meetings'!I24*(1/2) -> 0.1953125 | ... AN24: ='UNGA Voting'!AN24*(1/2)+'HeadofState Meetings'!AN24*(1/2) -> 0.065
A25: 2014 | B25: ='UNGA Voting'!B25*(1/2)+'HeadofState Meetings'!B25*(1/2) -> 0.105 | C25: ='UNGA Voting'!C25*(1/2)+'HeadofState Meetings'!C25*(1/2) -> 0.18382355 | D25: ='UNGA Voting'!D25*(1/2)+'HeadofState Meetings'!D25*(1/2) -> 0.1 | E25: ='UNGA Voting'!E25*(1/2)+'HeadofState Meetings'!E25*(1/2) -> 0.085 | F25: ='UNGA Voting'!F25*(1/2)+'HeadofState Meetings'!F25*(1/2) -> 0.69402985 | G25: ='UNGA Voting'!G25*(1/2)+'HeadofState Meetings'!G25*(1/2) -> 0.44117645 | H25: ='UNGA Voting'!H25*(1/2)+'HeadofState Meetings'!H25*(1/2) -> 0.4346154 | I25: ='UNGA Voting'!I25*(1/2)+'HeadofState Meetings'!I25*(1/2) -> 0.18382355 | ... AN25: ='UNGA Voting'!AN25*(1/2)+'HeadofState Meetings'!AN25*(1/2) -> 0.075
A26: 2015 | B26: ='UNGA Voting'!B26*(1/2)+'HeadofState Meetings'!B26*(1/2) -> 0.125 | C26: ='UNGA Voting'!C26*(1/2)+'HeadofState Meetings'!C26*(1/2) -> 0.19863015 | D26: ='UNGA Voting'!D26*(1/2)+'HeadofState Meetings'!D26*(1/2) -> 0.075 | E26: ='UNGA Voting'!E26*(1/2)+'HeadofState Meetings'!E26*(1/2) -> 0.08 | F26: ='UNGA Voting'!F26*(1/2)+'HeadofState Meetings'!F26*(1/2) -> 0.23972605 | G26: ='UNGA Voting'!G26*(1/2)+'HeadofState Meetings'!G26*(1/2) -> 0.2260274 | H26: ='UNGA Voting'!H26*(1/2)+'HeadofState Meetings'!H26*(1/2) -> 0.2328767 | I26: ='UNGA Voting'!I26*(1/2)+'HeadofState Meetings'!I26*(1/2) -> 0.2112676 | ... AN26: ='UNGA Voting'!AN26*(1/2)+'HeadofState Meetings'!AN26*(1/2) -> 0.085
A27: 2016
A28: 2017
A29: 2018
A32: Russia | B32: Armenia | C32: Austria | D32: Azerbaijan | E32: Belarus | F32: Belgium | G32: Bulgaria | H32: Croatia | I32: Cyprus | J32: Czech | K32: Denmark | L32: Estonia | M32: Finland | N32: France | O32: Georgia | P32: Germany | Q32: Greece | R32: Hungary | S32: Ireland | T32: Italy | U32: Kazakhstan | V32: Kyrgyzstan | W32: latvia | X32: Lithuania | Y32: Luxembourg | Z32: Malta | AA32: Moldova | AB32: Netherlands | AC32: Poland | AD32: Portugal | AE32: Romania | AF32: Slovakia | AG32: Slovenia | AH32: Spain | AI32: Sweden | AJ32: Tajikistan | AK32: Turkmenistan | AL32: Ukraine | AM32: UK | AN32: Uzbekistan
A33: 1991
A34: 1992
A35: 1993
A36: 1994
A37: 1995
A38: 1996
A39: 1997
A40: 1998
A41: 1999
A42: 2000
A43: 2001
A44: 2002
A45: 2003 | B45: ='UNGA Voting'!B45*(1/2)+'HeadofState Meetings'!B45*(1/2) -> 0.905 | C45: ='UNGA Voting'!C45*(1/2)+'HeadofState Meetings'!C45*(1/2) -> 0.32894735 | D45: ='UNGA Voting'!D45*(1/2)+'HeadofState Meetings'!D45*(1/2) -> 0.4 | E45: ='UNGA Voting'!E45*(1/2)+'HeadofState Meetings'!E45*(1/2) -> 0.92 | F45: ='UNGA Voting'!F45*(1/2)+'HeadofState Meetings'!F45*(1/2) -> 0.34 | G45: ='UNGA Voting'!G45*(1/2)+'HeadofState Meetings'!G45*(1/2) -> 0.8355263 | H45: ='UNGA Voting'!H45*(1/2)+'HeadofState Meetings'!H45*(1/2) -> 0.57894735 | I45: ='UNGA Voting'!I45*(1/2)+'HeadofState Meetings'!I45*(1/2) -> 0.3355263 | ... AN45: ='UNGA Voting'!AN45*(1/2)+'HeadofState Meetings'!AN45*(1/2) -> 0.845
A46: 2004 | B46: ='UNGA Voting'!B46*(1/2)+'HeadofState Meetings'!B46*(1/2) -> 0.9 | C46: ='UNGA Voting'!C46*(1/2)+'HeadofState Meetings'!C46*(1/2) -> 0.57142855 | D46: ='UNGA Voting'!D46*(1/2)+'HeadofState Meetings'!D46*(1/2) -> 0.92 | E46: ='UNGA Voting'!E46*(1/2)+'HeadofState Meetings'!E46*(1/2) -> 0.91 | F46: ='UNGA Voting'!F46*(1/2)+'HeadofState Meetings'!F46*(1/2) -> 0.31617645 | G46: ='UNGA Voting'!G46*(1/2)+'HeadofState Meetings'!G46*(1/2) -> 0.5857143 | H46: ='UNGA Voting'!H46*(1/2)+'HeadofState Meetings'!H46*(1/2) -> 0.32142855 | I46: ='UNGA Voting'!I46*(1/2)+'HeadofState Meetings'!I46*(1/2) -> 0.3 | ... AN46: ='UNGA Voting'!AN46*(1/2)+'HeadofState Meetings'!AN46*(1/2) -> 0.875
A47: 2005 | B47: ='UNGA Voting'!B47*(1/2)+'HeadofState Meetings'!B47*(1/2) -> 0.89 | C47: ='UNGA Voting'!C47*(1/2)+'HeadofState Meetings'!C47*(1/2) -> 0.3287671 | D47: ='UNGA Voting'!D47*(1/2)+'HeadofState Meetings'!D47*(1/2) -> 0.91 | E47: ='UNGA Voting'!E47*(1/2)+'HeadofState Meetings'!E47*(1/2) -> 0.915 | F47: ='UNGA Voting'!F47*(1/2)+'HeadofState Meetings'!F47*(1/2) -> 0.5787671 | G47: ='UNGA Voting'!G47*(1/2)+'HeadofState Meetings'!G47*(1/2) -> 0.3219178 | H47: ='UNGA Voting'!H47*(1/2)+'HeadofState Meetings'!H47*(1/2) -> 0.3287671 | I47: ='UNGA Voting'!I47*(1/2)+'HeadofState Meetings'!I47*(1/2) -> 0.3219178 | ... AN47: ='UNGA Voting'!AN47*(1/2)+'HeadofState Meetings'!AN47*(1/2) -> 0.915
A48: 2006 | B48: ='UNGA Voting'!B48*(1/2)+'HeadofState Meetings'!B48*(1/2) -> 0.895 | C48: ='UNGA Voting'!C48*(1/2)+'HeadofState Meetings'!C48*(1/2) -> 0.3275862 | D48: ='UNGA Voting'!D48*(1/2)+'HeadofState Meetings'!D48*(1/2) -> 0.895 | E48: ='UNGA Voting'!E48*(1/2)+'HeadofState Meetings'!E48*(1/2) -> 0.94 | F48: ='UNGA Voting'!F48*(1/2)+'HeadofState Meetings'!F48*(1/2) -> 0.31976745 | G48: ='UNGA Voting'!G48*(1/2)+'HeadofState Meetings'!G48*(1/2) -> 0.56609195 | H48: ='UNGA Voting'!H48*(1/2)+'HeadofState Meetings'!H48*(1/2) -> 0.31609195 | I48: ='UNGA Voting'!I48*(1/2)+'HeadofState Meetings'!I48*(1/2) -> 0.55588235 | ... AN48: ='UNGA Voting'!AN48*(1/2)+'HeadofState Meetings'!AN48*(1/2) -> 0.94
A49: 2007 | B49: ='UNGA Voting'!B49*(1/2)+'HeadofState Meetings'!B49*(1/2) -> 0.89 | C49: ='UNGA Voting'!C49*(1/2)+'HeadofState Meetings'!C49*(1/2) -> 0.56578945 | D49: ='UNGA Voting'!D49*(1/2)+'HeadofState Meetings'!D49*(1/2) -> 0.895 | E49: ='UNGA Voting'!E49*(1/2)+'HeadofState Meetings'!E49*(1/2) -> 0.655 | F49: ='UNGA Voting'!F49*(1/2)+'HeadofState Meetings'!F49*(1/2) -> 0.82894735 | G49: ='UNGA Voting'!G49*(1/2)+'HeadofState Meetings'!G49*(1/2) -> 0.5723684 | H49: ='UNGA Voting'!H49*(1/2)+'HeadofState Meetings'!H49*(1/2) -> 0.57666665 | I49: ='UNGA Voting'!I49*(1/2)+'HeadofState Meetings'!I49*(1/2) -> 0.3026316 | ... AN49: ='UNGA Voting'!AN49*(1/2)+'HeadofState Meetings'!AN49*(1/2) -> 0.925
A50: 2008 | B50: ='UNGA Voting'!B50*(1/2)+'HeadofState Meetings'!B50*(1/2) -> 0.865 | C50: ='UNGA Voting'!C50*(1/2)+'HeadofState Meetings'!C50*(1/2) -> 0.2986111 | D50: ='UNGA Voting'!D50*(1/2)+'HeadofState Meetings'!D50*(1/2) -> 0.895 | E50: ='UNGA Voting'!E50*(1/2)+'HeadofState Meetings'!E50*(1/2) -> 0.91 | F50: ='UNGA Voting'!F50*(1/2)+'HeadofState Meetings'!F50*(1/2) -> 0.29166665 | G50: ='UNGA Voting'!G50*(1/2)+'HeadofState Meetings'!G50*(1/2) -> 0.54577465 | H50: ='UNGA Voting'!H50*(1/2)+'HeadofState Meetings'!H50*(1/2) -> 0.2986111 | I50: ='UNGA Voting'!I50*(1/2)+'HeadofState Meetings'!I50*(1/2) -> 0.54166665 | ... AN50: ='UNGA Voting'!AN50*(1/2)+'HeadofState Meetings'!AN50*(1/2) -> 0.925
A51: 2009 | B51: ='UNGA Voting'!B51*(1/2)+'HeadofState Meetings'!B51*(1/2) -> 0.87 | C51: ='UNGA Voting'!C51*(1/2)+'HeadofState Meetings'!C51*(1/2) -> 0.5335821 | D51: ='UNGA Voting'!D51*(1/2)+'HeadofState Meetings'!D51*(1/2) -> 0.875 | E51: ='UNGA Voting'!E51*(1/2)+'HeadofState Meetings'!E51*(1/2) -> 0.9 | F51: ='UNGA Voting'!F51*(1/2)+'HeadofState Meetings'!F51*(1/2) -> 0.2835821 | G51: ='UNGA Voting'!G51*(1/2)+'HeadofState Meetings'!G51*(1/2) -> 0.53030305 | H51: ='UNGA Voting'!H51*(1/2)+'HeadofState Meetings'!H51*(1/2) -> 0.53030305 | I51: ='UNGA Voting'!I51*(1/2)+'HeadofState Meetings'!I51*(1/2) -> 0.26119405 | ... AN51: ='UNGA Voting'!AN51*(1/2)+'HeadofState Meetings'!AN51*(1/2) -> 0.905
A52: 2010 | B52: ='UNGA Voting'!B52*(1/2)+'HeadofState Meetings'!B52*(1/2) -> 0.895 | C52: ='UNGA Voting'!C52*(1/2)+'HeadofState Meetings'!C52*(1/2) -> 0.3283582 | D52: ='UNGA Voting'!D52*(1/2)+'HeadofState Meetings'!D52*(1/2) -> 0.89 | E52: ='UNGA Voting'!E52*(1/2)+'HeadofState Meetings'!E52*(1/2) -> 0.9 | F52: ='UNGA Voting'!F52*(1/2)+'HeadofState Meetings'!F52*(1/2) -> 0.55597015 | G52: ='UNGA Voting'!G52*(1/2)+'HeadofState Meetings'!G52*(1/2) -> 0.3181818 | H52: ='UNGA Voting'!H52*(1/2)+'HeadofState Meetings'!H52*(1/2) -> 0.3257576 | I52: ='UNGA Voting'!I52*(1/2)+'HeadofState Meetings'!I52*(1/2) -> 0.56343285 | ... AN52: ='UNGA Voting'!AN52*(1/2)+'HeadofState Meetings'!AN52*(1/2) -> 0.9
A53: 2011 | B53: ='UNGA Voting'!B53*(1/2)+'HeadofState Meetings'!B53*(1/2) -> 0.875 | C53: ='UNGA Voting'!C53*(1/2)+'HeadofState Meetings'!C53*(1/2) -> 0.55 | D53: ='UNGA Voting'!D53*(1/2)+'HeadofState Meetings'!D53*(1/2) -> 0.865 | E53: ='UNGA Voting'!E53*(1/2)+'HeadofState Meetings'!E53*(1/2) -> 0.895 | F53: ='UNGA Voting'!F53*(1/2)+'HeadofState Meetings'!F53*(1/2) -> 0.7846154 | G53: ='UNGA Voting'!G53*(1/2)+'HeadofState Meetings'!G53*(1/2) -> 0.2890625 | H53: ='UNGA Voting'!H53*(1/2)+'HeadofState Meetings'!H53*(1/2) -> 0.27118645 | I53: ='UNGA Voting'!I53*(1/2)+'HeadofState Meetings'!I53*(1/2) -> 0.2846154 | ... AN53: ='UNGA Voting'!AN53*(1/2)+'HeadofState Meetings'!AN53*(1/2) -> 0.915
A54: 2012 | B54: ='UNGA Voting'!B54*(1/2)+'HeadofState Meetings'!B54*(1/2) -> 0.875 | C54: ='UNGA Voting'!C54*(1/2)+'HeadofState Meetings'!C54*(1/2) -> 0.31617645 | D54: ='UNGA Voting'!D54*(1/2)+'HeadofState Meetings'!D54*(1/2) -> 0.865 | E54: ='UNGA Voting'!E54*(1/2)+'HeadofState Meetings'!E54*(1/2) -> 0.89 | F54: ='UNGA Voting'!F54*(1/2)+'HeadofState Meetings'!F54*(1/2) -> 0.29850745 | G54: ='UNGA Voting'!G54*(1/2)+'HeadofState Meetings'!G54*(1/2) -> 0.3018868 | H54: ='UNGA Voting'!H54*(1/2)+'HeadofState Meetings'!H54*(1/2) -> 0.2910448 | I54: ='UNGA Voting'!I54*(1/2)+'HeadofState Meetings'!I54*(1/2) -> 0.3014706 | ... AN54: ='UNGA Voting'!AN54*(1/2)+'HeadofState Meetings'!AN54*(1/2) -> 0.905
A55: 2013 | B55: ='UNGA Voting'!B55*(1/2)+'HeadofState Meetings'!B55*(1/2) -> 0.865 | C55: ='UNGA Voting'!C55*(1/2)+'HeadofState Meetings'!C55*(1/2) -> 0.2734375 | D55: ='UNGA Voting'!D55*(1/2)+'HeadofState Meetings'!D55*(1/2) -> 0.83 | E55: ='UNGA Voting'!E55*(1/2)+'HeadofState Meetings'!E55*(1/2) -> 0.885 | F55: ='UNGA Voting'!F55*(1/2)+'HeadofState Meetings'!F55*(1/2) -> 0.26984125 | G55: ='UNGA Voting'!G55*(1/2)+'HeadofState Meetings'!G55*(1/2) -> 0.265625 | H55: ='UNGA Voting'!H55*(1/2)+'HeadofState Meetings'!H55*(1/2) -> 0.26190475 | I55: ='UNGA Voting'!I55*(1/2)+'HeadofState Meetings'!I55*(1/2) -> 0.25 | ... AN55: ='UNGA Voting'!AN55*(1/2)+'HeadofState Meetings'!AN55*(1/2) -> 0.875
A56: 2014 | B56: ='UNGA Voting'!B56*(1/2)+'HeadofState Meetings'!B56*(1/2) -> 0.84 | C56: ='UNGA Voting'!C56*(1/2)+'HeadofState Meetings'!C56*(1/2) -> 0.50373135 | D56: ='UNGA Voting'!D56*(1/2)+'HeadofState Meetings'!D56*(1/2) -> 0.86 | E56: ='UNGA Voting'!E56*(1/2)+'HeadofState Meetings'!E56*(1/2) -> 0.875 | F56: ='UNGA Voting'!F56*(1/2)+'HeadofState Meetings'!F56*(1/2) -> 0.50757575 | G56: ='UNGA Voting'!G56*(1/2)+'HeadofState Meetings'!G56*(1/2) -> 0.24626865 | H56: ='UNGA Voting'!H56*(1/2)+'HeadofState Meetings'!H56*(1/2) -> 0.26923075 | I56: ='UNGA Voting'!I56*(1/2)+'HeadofState Meetings'!I56*(1/2) -> 0.23880595 | ... AN56: ='UNGA Voting'!AN56*(1/2)+'HeadofState Meetings'!AN56*(1/2) -> 0.875
A57: 2015 | B57: ='UNGA Voting'!B57*(1/2)+'HeadofState Meetings'!B57*(1/2) -> 0.84 | C57: ='UNGA Voting'!C57*(1/2)+'HeadofState Meetings'!C57*(1/2) -> 0.2328767 | D57: ='UNGA Voting'!D57*(1/2)+'HeadofState Meetings'!D57*(1/2) -> 0.81 | E57: ='UNGA Voting'!E57*(1/2)+'HeadofState Meetings'!E57*(1/2) -> 0.835 | F57: ='UNGA Voting'!F57*(1/2)+'HeadofState Meetings'!F57*(1/2) -> 0.26027395 | G57: ='UNGA Voting'!G57*(1/2)+'HeadofState Meetings'!G57*(1/2) -> 0.2671233 | H57: ='UNGA Voting'!H57*(1/2)+'HeadofState Meetings'!H57*(1/2) -> 0.2739726 | I57: ='UNGA Voting'!I57*(1/2)+'HeadofState Meetings'!I57*(1/2) -> 0.46830985 | ... AN57: ='UNGA Voting'!AN57*(1/2)+'HeadofState Meetings'!AN57*(1/2) -> 0.835
A58: 2016
A59: 2017
A60: 2018
A63: China | B63: Armenia | C63: Austria | D63: Azerbaijan | E63: Belarus | F63: Belgium | G63: Bulgaria | H63: Croatia | I63: Cyprus | J63: Czech | K63: Denmark | L63: Estonia | M63: Finland | N63: France | O63: Georgia | P63: Germany | Q63: Greece | R63: Hungary | S63: Ireland | T63: Italy | U63: Kazakhstan | V63: Kyrgyzstan | W63: latvia | X63: Lithuania | Y63: Luxembourg | Z63: Malta | AA63: Moldova | AB63: Netherlands | AC63: Poland | AD63: Portugal | AE63: Romania | AF63: Slovakia | AG63: Slovenia | AH63: Spain | AI63: Sweden | AJ63: Tajikistan | AK63: Turkmenistan | AL63: Ukraine | AM63: UK | AN63: Uzbekistan
A64: 1991
A65: 1992
A66: 1993
A67: 1994
A68: 1995
A69: 1996
A70: 1997
A71: 1998
A72: 1999
A73: 2000
A74: 2001
A75: 2002
A76: 2003 | B76: ='UNGA Voting'!B76*(1/2)+'HeadofState Meetings'!B76*(1/2) -> 0.37 | C76: ='UNGA Voting'!C76*(1/2)+'HeadofState Meetings'!C76*(1/2) -> 0.27333335 | D76: ='UNGA Voting'!D76*(1/2)+'HeadofState Meetings'!D76*(1/2) -> 0.435 | E76: ='UNGA Voting'!E76*(1/2)+'HeadofState Meetings'!E76*(1/2) -> 0.425 | F76: ='UNGA Voting'!F76*(1/2)+'HeadofState Meetings'!F76*(1/2) -> 0.25 | G76: ='UNGA Voting'!G76*(1/2)+'HeadofState Meetings'!G76*(1/2) -> 0.26 | H76: ='UNGA Voting'!H76*(1/2)+'HeadofState Meetings'!H76*(1/2) -> 0.26 | I76: ='UNGA Voting'!I76*(1/2)+'HeadofState Meetings'!I76*(1/2) -> 0.29333335 | ... AN76: ='UNGA Voting'!AN76*(1/2)+'HeadofState Meetings'!AN76*(1/2) -> 0.27
A77: 2004 | B77: ='UNGA Voting'!B77*(1/2)+'HeadofState Meetings'!B77*(1/2) -> 0.61 | C77: ='UNGA Voting'!C77*(1/2)+'HeadofState Meetings'!C77*(1/2) -> 0.27142855 | D77: ='UNGA Voting'!D77*(1/2)+'HeadofState Meetings'!D77*(1/2) -> 0.425 | E77: ='UNGA Voting'!E77*(1/2)+'HeadofState Meetings'!E77*(1/2) -> 0.45 | F77: ='UNGA Voting'!F77*(1/2)+'HeadofState Meetings'!F77*(1/2) -> 0.2647059 | G77: ='UNGA Voting'!G77*(1/2)+'HeadofState Meetings'!G77*(1/2) -> 0.27142855 | H77: ='UNGA Voting'!H77*(1/2)+'HeadofState Meetings'!H77*(1/2) -> 0.27142855 | I77: ='UNGA Voting'!I77*(1/2)+'HeadofState Meetings'!I77*(1/2) -> 0.3 | ... AN77: ='UNGA Voting'!AN77*(1/2)+'HeadofState Meetings'!AN77*(1/2) -> 0.585
A78: 2005 | B78: ='UNGA Voting'!B78*(1/2)+'HeadofState Meetings'!B78*(1/2) -> 0.39 | C78: ='UNGA Voting'!C78*(1/2)+'HeadofState Meetings'!C78*(1/2) -> 0.28767125 | D78: ='UNGA Voting'!D78*(1/2)+'HeadofState Meetings'!D78*(1/2) -> 0.445 | E78: ='UNGA Voting'!E78*(1/2)+'HeadofState Meetings'!E78*(1/2) -> 0.69 | F78: ='UNGA Voting'!F78*(1/2)+'HeadofState Meetings'!F78*(1/2) -> 0.2808219 | G78: ='UNGA Voting'!G78*(1/2)+'HeadofState Meetings'!G78*(1/2) -> 0.30136985 | H78: ='UNGA Voting'!H78*(1/2)+'HeadofState Meetings'!H78*(1/2) -> 0.28767125 | I78: ='UNGA Voting'!I78*(1/2)+'HeadofState Meetings'!I78*(1/2) -> 0.3219178 | ... AN78: ='UNGA Voting'!AN78*(1/2)+'HeadofState Meetings'!AN78*(1/2) -> 0.94
A79: 2006 | B79: ='UNGA Voting'!B79*(1/2)+'HeadofState Meetings'!B79*(1/2) -> 0.4 | C79: ='UNGA Voting'!C79*(1/2)+'HeadofState Meetings'!C79*(1/2) -> 0.3117647 | D79: ='UNGA Voting'!D79*(1/2)+'HeadofState Meetings'!D79*(1/2) -> 0.43 | E79: ='UNGA Voting'!E79*(1/2)+'HeadofState Meetings'!E79*(1/2) -> 0.44 | F79: ='UNGA Voting'!F79*(1/2)+'HeadofState Meetings'!F79*(1/2) -> 0.3 | G79: ='UNGA Voting'!G79*(1/2)+'HeadofState Meetings'!G79*(1/2) -> 0.3 | H79: ='UNGA Voting'!H79*(1/2)+'HeadofState Meetings'!H79*(1/2) -> 0.3 | I79: ='UNGA Voting'!I79*(1/2)+'HeadofState Meetings'!I79*(1/2) -> 0.5654762 | ... AN79: ='UNGA Voting'!AN79*(1/2)+'HeadofState Meetings'!AN79*(1/2) -> 0.695
A80: 2007 | B80: ='UNGA Voting'!B80*(1/2)+'HeadofState Meetings'!B80*(1/2) -> 0.39 | C80: ='UNGA Voting'!C80*(1/2)+'HeadofState Meetings'!C80*(1/2) -> 0.30921055 | D80: ='UNGA Voting'!D80*(1/2)+'HeadofState Meetings'!D80*(1/2) -> 0.435 | E80: ='UNGA Voting'!E80*(1/2)+'HeadofState Meetings'!E80*(1/2) -> 0.455 | F80: ='UNGA Voting'!F80*(1/2)+'HeadofState Meetings'!F80*(1/2) -> 0.3026316 | G80: ='UNGA Voting'!G80*(1/2)+'HeadofState Meetings'!G80*(1/2) -> 0.30921055 | H80: ='UNGA Voting'!H80*(1/2)+'HeadofState Meetings'!H80*(1/2) -> 0.3 | I80: ='UNGA Voting'!I80*(1/2)+'HeadofState Meetings'!I80*(1/2) -> 0.30921055 | ... AN80: ='UNGA Voting'!AN80*(1/2)+'HeadofState Meetings'!AN80*(1/2) -> 0.69
A81: 2008 | B81: ='UNGA Voting'!B81*(1/2)+'HeadofState Meetings'!B81*(1/2) -> 0.37 | C81: ='UNGA Voting'!C81*(1/2)+'HeadofState Meetings'!C81*(1/2) -> 0.27857145 | D81: ='UNGA Voting'!D81*(1/2)+'HeadofState Meetings'!D81*(1/2) -> 0.44 | E81: ='UNGA Voting'!E81*(1/2)+'HeadofState Meetings'!E81*(1/2) -> 0.47 | F81: ='UNGA Voting'!F81*(1/2)+'HeadofState Meetings'!F81*(1/2) -> 0.27142855 | G81: ='UNGA Voting'!G81*(1/2)+'HeadofState Meetings'!G81*(1/2) -> 0.5253623 | H81: ='UNGA Voting'!H81*(1/2)+'HeadofState Meetings'!H81*(1/2) -> 0.27857145 | I81: ='UNGA Voting'!I81*(1/2)+'HeadofState Meetings'!I81*(1/2) -> 0.55714285 | ... AN81: ='UNGA Voting'!AN81*(1/2)+'HeadofState Meetings'!AN81*(1/2) -> 0.695
A82: 2009 | B82: ='UNGA Voting'!B82*(1/2)+'HeadofState Meetings'!B82*(1/2) -> 0.375 | C82: ='UNGA Voting'!C82*(1/2)+'HeadofState Meetings'!C82*(1/2) -> 0.25373135 | D82: ='UNGA Voting'!D82*(1/2)+'HeadofState Meetings'!D82*(1/2) -> 0.445 | E82: ='UNGA Voting'!E82*(1/2)+'HeadofState Meetings'!E82*(1/2) -> 0.455 | F82: ='UNGA Voting'!F82*(1/2)+'HeadofState Meetings'!F82*(1/2) -> 0.24626865 | G82: ='UNGA Voting'!G82*(1/2)+'HeadofState Meetings'!G82*(1/2) -> 0.24242425 | H82: ='UNGA Voting'!H82*(1/2)+'HeadofState Meetings'!H82*(1/2) -> 0.4848485 | I82: ='UNGA Voting'!I82*(1/2)+'HeadofState Meetings'!I82*(1/2) -> 0.2835821 | ... AN82: ='UNGA Voting'!AN82*(1/2)+'HeadofState Meetings'!AN82*(1/2) -> 0.95
A83: 2010 | B83: ='UNGA Voting'!B83*(1/2)+'HeadofState Meetings'!B83*(1/2) -> 0.38 | C83: ='UNGA Voting'!C83*(1/2)+'HeadofState Meetings'!C83*(1/2) -> 0.54545455 | D83: ='UNGA Voting'!D83*(1/2)+'HeadofState Meetings'!D83*(1/2) -> 0.43 | E83: ='UNGA Voting'!E83*(1/2)+'HeadofState Meetings'!E83*(1/2) -> 0.695 | F83: ='UNGA Voting'!F83*(1/2)+'HeadofState Meetings'!F83*(1/2) -> 0.2651515 | G83: ='UNGA Voting'!G83*(1/2)+'HeadofState Meetings'!G83*(1/2) -> 0.26923075 | H83: ='UNGA Voting'!H83*(1/2)+'HeadofState Meetings'!H83*(1/2) -> 0.26923075 | I83: ='UNGA Voting'!I83*(1/2)+'HeadofState Meetings'!I83*(1/2) -> 0.3181818 | ... AN83: ='UNGA Voting'!AN83*(1/2)+'HeadofState Meetings'!AN83*(1/2) -> 0.685
A84: 2011 | B84: ='UNGA Voting'!B84*(1/2)+'HeadofState Meetings'!B84*(1/2) -> 0.365 | C84: ='UNGA Voting'!C84*(1/2)+'HeadofState Meetings'!C84*(1/2) -> 0.51153845 | D84: ='UNGA Voting'!D84*(1/2)+'HeadofState Meetings'!D84*(1/2) -> 0.44 | E84: ='UNGA Voting'!E84*(1/2)+'HeadofState Meetings'!E84*(1/2) -> 0.425 | F84: ='UNGA Voting'!F84*(1/2)+'HeadofState Meetings'!F84*(1/2) -> 0.23846155 | G84: ='UNGA Voting'!G84*(1/2)+'HeadofState Meetings'!G84*(1/2) -> 0.2421875 | H84: ='UNGA Voting'!H84*(1/2)+'HeadofState Meetings'!H84*(1/2) -> 0.2457627 | I84: ='UNGA Voting'!I84*(1/2)+'HeadofState Meetings'!I84*(1/2) -> 0.5269231 | ... AN84: ='UNGA Voting'!AN84*(1/2)+'HeadofState Meetings'!AN84*(1/2) -> 0.68
A85: 2012 | B85: ='UNGA Voting'!B85*(1/2)+'HeadofState Meetings'!B85*(1/2) -> 0.365 | C85: ='UNGA Voting'!C85*(1/2)+'HeadofState Meetings'!C85*(1/2) -> 0.28030305 | D85: ='UNGA Voting'!D85*(1/2)+'HeadofState Meetings'!D85*(1/2) -> 0.425 | E85: ='UNGA Voting'!E85*(1/2)+'HeadofState Meetings'!E85*(1/2) -> 0.415 | F85: ='UNGA Voting'!F85*(1/2)+'HeadofState Meetings'!F85*(1/2) -> 0.25384615 | G85: ='UNGA Voting'!G85*(1/2)+'HeadofState Meetings'!G85*(1/2) -> 0.254717 | H85: ='UNGA Voting'!H85*(1/2)+'HeadofState Meetings'!H85*(1/2) -> 0.23846155 | I85: ='UNGA Voting'!I85*(1/2)+'HeadofState Meetings'!I85*(1/2) -> 0.29545455 | ... AN85: ='UNGA Voting'!AN85*(1/2)+'HeadofState Meetings'!AN85*(1/2) -> 0.675
A86: 2013 | B86: ='UNGA Voting'!B86*(1/2)+'HeadofState Meetings'!B86*(1/2) -> 0.355 | C86: ='UNGA Voting'!C86*(1/2)+'HeadofState Meetings'!C86*(1/2) -> 0.265625 | D86: ='UNGA Voting'!D86*(1/2)+'HeadofState Meetings'!D86*(1/2) -> 0.43 | E86: ='UNGA Voting'!E86*(1/2)+'HeadofState Meetings'!E86*(1/2) -> 0.66 | F86: ='UNGA Voting'!F86*(1/2)+'HeadofState Meetings'!F86*(1/2) -> 0.23809525 | G86: ='UNGA Voting'!G86*(1/2)+'HeadofState Meetings'!G86*(1/2) -> 0.2421875 | H86: ='UNGA Voting'!H86*(1/2)+'HeadofState Meetings'!H86*(1/2) -> 0.23809525 | I86: ='UNGA Voting'!I86*(1/2)+'HeadofState Meetings'!I86*(1/2) -> 0.28125 | ... AN86: ='UNGA Voting'!AN86*(1/2)+'HeadofState Meetings'!AN86*(1/2) -> 0.685
A87: 2014 | B87: ='UNGA Voting'!B87*(1/2)+'HeadofState Meetings'!B87*(1/2) -> 0.34 | C87: ='UNGA Voting'!C87*(1/2)+'HeadofState Meetings'!C87*(1/2) -> 0.24626865 | D87: ='UNGA Voting'!D87*(1/2)+'HeadofState Meetings'!D87*(1/2) -> 0.435 | E87: ='UNGA Voting'!E87*(1/2)+'HeadofState Meetings'!E87*(1/2) -> 0.415 | F87: ='UNGA Voting'!F87*(1/2)+'HeadofState Meetings'!F87*(1/2) -> 0.4848485 | G87: ='UNGA Voting'!G87*(1/2)+'HeadofState Meetings'!G87*(1/2) -> 0.2313433 | H87: ='UNGA Voting'!H87*(1/2)+'HeadofState Meetings'!H87*(1/2) -> 0.25 | I87: ='UNGA Voting'!I87*(1/2)+'HeadofState Meetings'!I87*(1/2) -> 0.26119405 | ... AN87: ='UNGA Voting'!AN87*(1/2)+'HeadofState Meetings'!AN87*(1/2) -> 0.675
A88: 2015 | B88: ='UNGA Voting'!B88*(1/2)+'HeadofState Meetings'!B88*(1/2) -> 0.345 | C88: ='UNGA Voting'!C88*(1/2)+'HeadofState Meetings'!C88*(1/2) -> 0.2361111 | D88: ='UNGA Voting'!D88*(1/2)+'HeadofState Meetings'!D88*(1/2) -> 0.39 | E88: ='UNGA Voting'!E88*(1/2)+'HeadofState Meetings'!E88*(1/2) -> 0.63 | F88: ='UNGA Voting'!F88*(1/2)+'HeadofState Meetings'!F88*(1/2) -> 0.22916665 | G88: ='UNGA Voting'!G88*(1/2)+'HeadofState Meetings'!G88*(1/2) -> 0.24305555 | H88: ='UNGA Voting'!H88*(1/2)+'HeadofState Meetings'!H88*(1/2) -> 0.2361111 | I88: ='UNGA Voting'!I88*(1/2)+'HeadofState Meetings'!I88*(1/2) -> 0.50714285 | ... AN88: ='UNGA Voting'!AN88*(1/2)+'HeadofState Meetings'!AN88*(1/2) -> 0.38
A89: 2016
A90: 2017
A91: 2018

Sheet UNGA Voting
A1: US | B1: Armenia | C1: Austria | D1: Azerbaijan | E1: Belarus | F1: Belgium | G1: Bulgaria | H1: Croatia | I1: Cyprus | J1: Czech | K1: Denmark | L1: Estonia | M1: Finland | N1: France | O1: Georgia | P1: Germany | Q1: Greece | R1: Hungary | S1: Ireland | T1: Italy | U1: Kazakhstan | V1: Kyrgyzstan | W1: latvia | X1: Lithuania | Y1: Luxembourg | Z1: Malta | AA1: Moldova | AB1: Netherlands | AC1: Poland | AD1: Portugal | AE1: Romania | AF1: Slovakia | AG1: Slovenia | AH1: Spain | AI1: Sweden | AJ1: Tajikistan | AK1: Turkmenistan | AL1: Ukraine | AM1: UK | AN1: Uzbekistan
A2: 1991
A3: 1992 | B3: 0.31 | C3: 0.3013699 | D3: 0.23 | E3: 0.21 | F3: 0.369863 | G3: 0.3333333 | H3: 0.4411765 | I3: 0.1666667 | J3: NA | K3: 0.3287671 | L3: 0.2898551 | M3: 0.3013699 | N3: 0.3888889 | O3: NA | P3: 0.369863 | Q3: 0.2739726 | R3: 0.3521127 | S3: 0.2916667 | T3: 0.369863 | U3: 0.24 | V3: 0.2 | W3: 0.3142857 | X3: 0.3 | Y3: 0.369863 | Z3: 0.2916667 | AA3: 0.3 | AB3: 0.369863 | AC3: 0.3194444 | AD3: 0.3287671 | AE3: 0.3472222 | AF3: NA | AG3: 0.3508772 | AH3: 0.3013699 | AI3: 0.3013699 | AJ3: 0.1 | AK3: 0.21 | AL3: 0.23 | AM3: 0.5068493 | AN3: NA
A4: 1993 | B4: 0.25 | C4: 0.3650794 | D4: 0.22 | E4: 0.19 | F4: 0.40625 | G4: 0.3650794 | H4: 0.3902439 | I4: 0.1875 | J4: 0.40625 | K4: 0.375 | L4: 0.2881356 | M4: 0.359375 | N4: 0.483871 | O4: 0.33 | P4: 0.4375 | Q4: 0.328125 | R4: 0.3650794 | S4: 0.3492063 | T4: 0.40625 | U4: 0.21 | V4: 0.27 | W4: 0.3389831 | X4: 0.3275862 | Y4: 0.40625 | Z4: 0.3225806 | AA4: 0.35 | AB4: 0.421875 | AC4: 0.359375 | AD4: 0.390625 | AE4: 0.3606557 | AF4: 0.3650794 | AG4: 0.3278689 | AH4: 0.3650794 | AI4: 0.359375 | AJ4: 0.24 | AK4: 0.21 | AL4: 0.2 | AM4: 0.546875 | AN4: NA
A5: 1994 | B5: 0.31 | C5: 0.4117647 | D5: 0.3 | E5: 0.28 | F5: 0.4411765 | G5: 0.3880597 | H5: 0.3442623 | I5: 0.2941176 | J5: 0.4179104 | K5: 0.4411765 | L5: 0.328125 | M5: 0.4264706 | N5: 0.5757576 | O5: 0.34 | P5: 0.4477612 | Q5: 0.4117647 | R5: 0.4558824 | S5: 0.3823529 | T5: 0.4411765 | U5: 0.29 | V5: 0.27 | W5: 0.40625 | X5: 0.4137931 | Y5: 0.4411765 | Z5: 0.4117647 | AA5: 0.35 | AB5: 0.4477612 | AC5: 0.4117647 | AD5: 0.4411765 | AE5: 0.4029851 | AF5: 0.4262295 | AG5: 0.3787879 | AH5: 0.4264706 | AI5: 0.3823529 | AJ5: 0.32 | AK5: 0.29 | AL5: 0.3 | AM5: 0.641791 | AN5: 0.3
A6: 1995 | B6: 0.32 | C6: 0.382716 | D6: 0.25 | E6: 0.26 | F6: 0.4074074 | G6: 0.382716 | H6: 0.3421053 | I6: 0.2469136 | J6: 0.4 | K6: 0.4074074 | L6: 0.3815789 | M6: 0.3950617 | N6: 0.4556962 | O6: 0.51 | P6: 0.4197531 | Q6: 0.3580247 | R6: 0.4459459 | S6: 0.3703704 | T6: 0.4125 | U6: 0.28 | V6: 0.3 | W6: 0.4558824 | X6: 0.3875 | Y6: 0.4074074 | Z6: 0.345679 | AA6: 0.38 | AB6: 0.4197531 | AC6: 0.4177215 | AD6: 0.3950617 | AE6: 0.375 | AF6: 0.3950617 | AG6: 0.3846154 | AH6: 0.3950617 | AI6: 0.382716 | AJ6: 0.47 | AK6: 0.54 | AL6: 0.25 | AM6: 0.6666667 | AN6: 0.52
A7: 1996 | B7: 0.33 | C7: 0.4594595 | D7: 0.25 | E7: 0.27 | F7: 0.4794521 | G7: 0.4324324 | H7: 0.4492754 | I7: 0.3783784 | J7: 0.5 | K7: 0.5 | L7: 0.4444444 | M7: 0.5 | N7: 0.5342466 | O7: 0.34 | P7: 0.5 | Q7: 0.2142857 | R7: 0.5068493 | S7: 0.4459459 | T7: 0.5 | U7: 0.34 | V7: 0.29 | W7: 0.4782609 | X7: 0.4657534 | Y7: 0.5 | Z7: 0.3611111 | AA7: 0.41 | AB7: 0.5068493 | AC7: 0.4794521 | AD7: 0.4931507 | AE7: 0.4657534 | AF7: 0.4794521 | AG7: 0.4861111 | AH7: 0.4794521 | AI7: 0.472973 | AJ7: 0.37 | AK7: 0.5 | AL7: 0.33 | AM7: 0.6081081 | AN7: 0.41
A8: 1997 | B8: 0.32 | C8: 0.4637681 | D8: 0.28 | E8: 0.25 | F8: 0.4782609 | G8: 0.4264706 | H8: 0.4242424 | I8: 0.3478261 | J8: 0.4637681 | K8: 0.4782609 | L8: 0.4411765 | M8: 0.4637681 | N8: 0.5217391 | O8: 0.31 | P8: 0.4782609 | Q8: 0.4492754 | R8: 0.4626866 | S8: 0.4492754 | T8: 0.4782609 | U8: 0.29 | V8: 0.29 | W8: 0.4626866 | X8: 0.4347826 | Y8: 0.4852941 | Z8: 0.3382353 | AA8: 0.41 | AB8: 0.4927536 | AC8: 0.4637681 | AD8: 0.4637681 | AE8: 0.4347826 | AF8: 0.4347826 | AG8: 0.4411765 | AH8: 0.4637681 | AI8: 0.4782609 | AJ8: 0.33 | AK8: 0.3 | AL8: 0.3 | AM8: 0.5797101 | AN8: 0.51
A9: 1998 | B9: 0.2 | C9: 0.4098361 | D9: 0.24 | E9: 0.2 | F9: 0.4262295 | G9: 0.4333333 | H9: 0.3898305 | I9: 0.3114754 | J9: 0.4333333 | K9: 0.4098361 | L9: 0.4098361 | M9: 0.4098361 | N9: 0.4666667 | O9: 0.24 | P9: 0.4262295 | Q9: 0.4098361 | R9: 0.442623 | S9: 0.3934426 | T9: 0.4262295 | U9: 0.27 | V9: 0.24 | W9: 0.4237288 | X9: 0.4098361 | Y9: 0.4262295 | Z9: 0.3278689 | AA9: 0.37 | AB9: 0.4262295 | AC9: 0.4262295 | AD9: 0.4098361 | AE9: 0.4333333 | AF9: 0.4262295 | AG9: 0.4098361 | AH9: 0.4098361 | AI9: 0.4098361 | AJ9: 0.27 | AK9: 0.29 | AL9: 0.25 | AM9: 0.5245902 | AN9: 0.29
A10: 1999 | B10: 0.23 | C10: 0.3970588 | D10: 0.25 | E10: 0.17 | F10: 0.4264706 | G10: 0.4307692 | H10: 0.3787879 | I10: 0.3676471 | J10: 0.4117647 | K10: 0.4411765 | L10: 0.4264706 | M10: 0.4117647 | N10: 0.4705882 | O10: 0.32 | P10: 0.4558824 | Q10: 0.4117647 | R10: 0.4558824 | S10: 0.3823529 | T10: 0.4117647 | U10: 0.33 | V10: NA | W10: 0.3939394 | X10: 0.4117647 | Y10: 0.4264706 | Z10: 0.3970588 | AA10: 0.38 | AB10: 0.4411765 | AC10: 0.4264706 | AD10: 0.4117647 | AE10: 0.4264706 | AF10: 0.4117647 | AG10: 0.4179104 | AH10: 0.4117647 | AI10: 0.4117647 | AJ10: 0.2 | AK10: 0.31 | AL10: 0.28 | AM10: 0.5294118 | AN10: 0.33
A11: 2000 | B11: 0.23 | C11: 0.3939394 | D11: 0.24 | E11: 0.22 | F11: 0.4179104 | G11: 0.4029851 | H11: 0.358209 | I11: 0.3432836 | J11: 0.4179104 | K11: 0.4179104 | L11: 0.4126984 | M11: 0.4029851 | N11: 0.4179104 | O11: 0.34 | P11: 0.4179104 | Q11: 0.4029851 | R11: 0.4179104 | S11: 0.3731343 | T11: 0.3939394 | U11: 0.27 | V11: 0.21 | W11: 0.4153846 | X11: 0.4090909 | Y11: 0.4179104 | Z11: 0.3880597 | AA11: 0.39 | AB11: 0.4179104 | AC11: 0.4179104 | AD11: 0.4029851 | AE11: 0.4029851 | AF11: 0.4029851 | AG11: 0.4029851 | AH11: 0.4029851 | AI11: 0.3880597 | AJ11: 0.29 | AK11: 0.27 | AL11: 0.31 | AM11: 0.5074627 | AN11: 0.38
A12: 2001 | B12: 0.22 | C12: 0.358209 | D12: 0.13 | E12: 0.14 | F12: 0.3880597 | G12: 0.3787879 | H12: 0.3333333 | I12: 0.3283582 | J12: 0.3880597 | K12: 0.4029851 | L12: 0.3809524 | M12: 0.3731343 | N12: 0.4461538 | O12: 0.28 | P12: 0.3880597 | Q12: 0.3731343 | R12: 0.40625 | S12: 0.3432836 | T12: 0.3846154 | U12: 0.17 | V12: NA | W12: 0.3692308 | X12: 0.390625 | Y12: 0.3939394 | Z12: 0.3636364 | AA12: 0.35 | AB12: 0.3880597 | AC12: 0.3880597 | AD12: 0.3731343 | AE12: 0.3787879 | AF12: 0.358209 | AG12: 0.3846154 | AH12: 0.3731343 | AI12: 0.358209 | AJ12: NA | AK12: 0.13 | AL12: 0.27 | AM12: 0.4776119 | AN12: NA
A13: 2002 | B13: 0.17 | C13: 0.3055556 | D13: 0.11 | E13: 0.09 | F13: 0.3239437 | G13: 0.3239437 | H13: 0.2916667 | I13: 0.2916667 | J13: 0.3239437 | K13: 0.3239437 | L13: 0.3098592 | M13: 0.3055556 | N13: 0.3888889 | O13: 0.27 | P13: 0.3142857 | Q13: 0.3194444 | R13: 0.3239437 | S13: 0.2777778 | T13: 0.3472222 | U13: 0.18 | V13: 0.2 | W13: 0.3 | X13: 0.3055556 | Y13: 0.3194444 | Z13: 0.3055556 | AA13: 0.3 | AB13: 0.3239437 | AC13: 0.3333333 | AD13: 0.3382353 | AE13: 0.3239437 | AF13: 0.3194444 | AG13: 0.3055556 | AH13: 0.3333333 | AI13: 0.2916667 | AJ13: 0.15 | AK13: 0.08 | AL13: 0.22 | AM13: 0.4305556 | AN13: 0.18
A14: 2003 | B14: 0.19 | C14: 0.3289474 | D14: 0.14 | E14: 0.15 | F14: 0.3866667 | G14: 0.3684211 | H14: 0.3289474 | I14: 0.3157895 | J14: 0.3684211 | K14: 0.3815789 | L14: 0.36 | M14: 0.3684211 | N14: 0.4342105 | O14: 0.31 | P14: 0.3947368 | Q14: 0.3552632 | R14: 0.3684211 | S14: 0.3157895 | T14: 0.3815789 | U14: 0.18 | V14: 0.16 | W14: 0.3684211 | X14: 0.3947368 | Y14: 0.3947368 | Z14: 0.3421053 | AA14: 0.25 | AB14: 0.3815789 | AC14: 0.4054054 | AD14: 0.36 | AE14: 0.3513514 | AF14: 0.3552632 | AG14: 0.3466667 | AH14: 0.3552632 | AI14: 0.3552632 | AJ14: 0.22 | AK14: 0.1 | AL14: 0.22 | AM14: 0.4868421 | AN14: 0.21
A15: 2004 | B15: 0.16 | C15: 0.3521127 | D15: 0.12 | E15: 0.06 | F15: 0.3478261 | G15: 0.3521127 | H15: 0.3521127 | I15: 0.3380282 | J15: 0.3571429 | K15: 0.3661972 | L15: 0.3188406 | M15: 0.3521127 | N15: 0.4 | O15: 0.27 | P15: 0.3714286 | Q15: 0.3623188 | R15: 0.3571429 | S15: 0.3380282 | T15: 0.3571429 | U15: 0.12 | V15: 0.11 | W15: 0.3823529 | X15: 0.3521127 | Y15: 0.3478261 | Z15: 0.3428571 | AA15: 0.26 | AB15: 0.3521127 | AC15: 0.3857143 | AD15: 0.3661972 | AE15: 0.3521127 | AF15: 0.3661972 | AG15: 0.3661972 | AH15: 0.3521127 | AI15: 0.3380282 | AJ15: 0.11 | AK15: 0.02 | AL15: 0.2 | AM15: 0.4507042 | AN15: 0.1
A16: 2005 | B16: 0.14 | C16: 0.3150685 | D16: 0.1 | E16: 0.1 | F16: 0.3287671 | G16: 0.3287671 | H16: 0.3150685 | I16: 0.3013699 | J16: 0.3287671 | K16: 0.3424658 | L16: 0.3055556 | M16: 0.3287671 | N16: 0.3835616 | O16: 0.31 | P16: 0.3150685 | Q16: 0.3150685 | R16: 0.3287671 | S16: 0.3013699 | T16: 0.3194444 | U16: 0.14 | V16: 0.11 | W16: 0.3424658 | X16: 0.3287671 | Y16: 0.3287671 | Z16: 0.2876712 | AA16: 0.27 | AB16: 0.3424658 | AC16: 0.3287671 | AD16: 0.3150685 | AE16: 0.3287671 | AF16: 0.3287671 | AG16: 0.3287671 | AH16: 0.3150685 | AI16: 0.3150685 | AJ16: 0.07 | AK16: 0.07 | AL16: 0.21 | AM16: 0.4520548 | AN16: 0.08
A17: 2006 | B17: 0.09 | C17: 0.2298851 | D17: 0.08 | E17: 0.07 | F17: 0.244186 | G17: 0.2643678 | H17: 0.2413793 | I17: 0.2352941 | J17: 0.2758621 | K17: 0.2643678 | L17: 0.2413793 | M17: 0.2413793 | N17: 0.3218391 | O17: 0.24 | P17: 0.2528736 | Q17: 0.2528736 | R17: 0.2528736 | S17: 0.2298851 | T17: 0.2413793 | U17: 0.1 | V17: 0.06 | W17: 0.2643678 | X17: 0.2643678 | Y17: 0.2674419 | Z17: 0.2470588 | AA17: 0.27 | AB17: 0.2528736 | AC17: 0.255814 | AD17: 0.2643678 | AE17: 0.2470588 | AF17: 0.2470588 | AG17: 0.2528736 | AH17: 0.2643678 | AI17: 0.2298851 | AJ17: 0.06 | AK17: 0.07 | AL17: 0.25 | AM17: 0.3563218 | AN17: 0.07
A18: 2007 | B18: 0.12 | C18: 0.2727273 | D18: 0.07 | E18: 0.05 | F18: 0.2987013 | G18: 0.2857143 | H18: 0.2894737 | I18: 0.2857143 | J18: 0.3289474 | K18: 0.2987013 | L18: 0.2987013 | M18: 0.2857143 | N18: 0.4078947 | O18: 0.29 | P18: 0.2987013 | Q18: 0.2987013 | R18: 0.3380282 | S18: 0.2727273 | T18: 0.2987013 | U18: 0.09 | V18: 0.05 | W18: 0.3116883 | X18: 0.3116883 | Y18: 0.2987013 | Z18: 0.2727273 | AA18: 0.27 | AB18: 0.3116883 | AC18: 0.3116883 | AD18: 0.2987013 | AE18: 0.2857143 | AF18: 0.3116883 | AG18: 0.2987013 | AH18: 0.2857143 | AI18: 0.2857143 | AJ18: 0.03 | AK18: 0.04 | AL18: 0.31 | AM18: 0.3896104 | AN18: 0.07
A19: 2008 | B19: 0.11 | C19: 0.25 | D19: 0.07 | E19: 0.06 | F19: 0.2638889 | G19: 0.2676056 | H19: 0.2638889 | I19: 0.2638889 | J19: 0.2777778 | K19: 0.2816901 | L19: 0.2638889 | M19: 0.2638889 | N19: 0.3472222 | O19: 0.24 | P19: 0.2638889 | Q19: 0.2638889 | R19: 0.2638889 | S19: 0.25 | T19: 0.2638889 | U19: 0.11 | V19: 0.08 | W19: 0.2676056 | X19: 0.2638889 | Y19: 0.2676056 | Z19: 0.2535211 | AA19: 0.26 | AB19: 0.2816901 | AC19: 0.2777778 | AD19: 0.2638889 | AE19: 0.2777778 | AF19: 0.2638889 | AG19: 0.2676056 | AH19: 0.2638889 | AI19: 0.25 | AJ19: 0.06 | AK19: 0.08 | AL19: 0.28 | AM19: 0.3943662 | AN19: 0.06
A20: 2009 | B20: 0.18 | C20: 0.3880597 | D20: 0.11 | E20: 0.08 | F20: 0.4179104 | G20: 0.4242424 | H20: 0.3939394 | I20: 0.3880597 | J20: 0.4626866 | K20: 0.4477612 | L20: 0.4328358 | M20: 0.3880597 | N20: 0.4776119 | O20: 0.4 | P20: 0.4477612 | Q20: 0.4179104 | R20: 0.4242424 | S20: 0.3880597 | T20: 0.4328358 | U20: 0.15 | V20: 0.09 | W20: 0.4179104 | X20: 0.4328358 | Y20: 0.4242424 | Z20: 0.3880597 | AA20: 0.4 | AB20: 0.4626866 | AC20: 0.4626866 | AD20: 0.4029851 | AE20: 0.4179104 | AF20: 0.4477612 | AG20: 0.4029851 | AH20: 0.4029851 | AI20: 0.4029851 | AJ20: 0.08 | AK20: 0.08 | AL20: 0.41 | AM20: 0.5373134 | AN20: 0.1
A21: 2010 | B21: 0.16 | C21: 0.3484848 | D21: 0.11 | E21: 0.11 | F21: 0.3939394 | G21: 0.3846154 | H21: 0.3538462 | I21: 0.3484848 | J21: 0.3939394 | K21: 0.3939394 | L21: 0.3939394 | M21: 0.3636364 | N21: 0.469697 | O21: 0.34 | P21: 0.3939394 | Q21: 0.1428571 | R21: 0.3939394 | S21: 0.3484848 | T21: 0.3709677 | U21: 0.16 | V21: 0.16 | W21: 0.390625 | X21: 0.3939394 | Y21: 0.3787879 | Z21: 0.3484848 | AA21: 0.36 | AB21: 0.3939394 | AC21: 0.3846154 | AD21: 0.3787879 | AE21: 0.3636364 | AF21: 0.3787879 | AG21: 0.3787879 | AH21: 0.3636364 | AI21: 0.3636364 | AJ21: 0.15 | AK21: 0.13 | AL21: 0.35 | AM21: 0.5454545 | AN21: 0.11
A22: 2011 | B22: 0.24 | C22: 0.4615385 | D22: 0.19 | E22: 0.13 | F22: 0.5076923 | G22: 0.5 | H22: 0.5254237 | I22: 0.4769231 | J22: 0.5076923 | K22: 0.5076923 | L22: 0.5076923 | M22: 0.4769231 | N22: 0.5538462 | O22: 0.5 | P22: 0.4923077 | Q22: 0.4923077 | R22: 0.5076923 | S22: 0.4769231 | T22: 0.4923077 | U22: 0.26 | V22: 0.19 | W22: 0.5076923 | X22: 0.5076923 | Y22: 0.4923077 | Z22: 0.4615385 | AA22: 0.48 | AB22: 0.515625 | AC22: 0.5076923 | AD22: 0.4923077 | AE22: 0.484375 | AF22: 0.5076923 | AG22: 0.4923077 | AH22: 0.5076923 | AI22: 0.484375 | AJ22: 0.17 | AK22: 0.13 | AL22: 0.45 | AM22: 0.6 | AN22: 0.14
A23: 2012 | B23: 0.18 | C23: 0.3382353 | D23: 0.14 | E23: 0.12 | F23: 0.3731343 | G23: 0.3584906 | H23: 0.3432836 | I23: 0.3529412 | J23: 0.3970588 | K23: 0.3676471 | L23: 0.3731343 | M23: 0.3529412 | N23: 0.4852941 | O23: 0.31 | P23: 0.3676471 | Q23: 0.358209 | R23: 0.3676471 | S23: 0.3382353 | T23: 0.3676471 | U23: 0.17 | V23: 0.15 | W23: 0.358209 | X23: 0.3676471 | Y23: 0.3676471 | Z23: 0.3382353 | AA23: 0.35 | AB23: 0.3676471 | AC23: 0.3676471 | AD23: 0.3676471 | AE23: 0.3529412 | AF23: 0.3676471 | AG23: 0.3676471 | AH23: 0.3676471 | AI23: 0.3382353 | AJ23: 0.14 | AK23: 0.12 | AL23: 0.33 | AM23: 0.5396825 | AN23: 0.14
A24: 2013 | B24: 0.17 | C24: 0.390625 | D24: 0.17 | E24: 0.14 | F24: 0.4285714 | G24: 0.421875 | H24: 0.4126984 | I24: 0.390625 | J24: 0.46875 | K24: 0.4375 | L24: 0.4285714 | M24: 0.4375 | N24: 0.515625 | O24: 0.37 | P24: 0.4603175 | Q24: 0.4126984 | R24: 0.453125 | S24: 0.3968254 | T24: 0.4375 | U24: 0.16 | V24: 0.14 | W24: 0.4354839 | X24: 0.4375 | Y24: 0.4375 | Z24: 0.3809524 | AA24: 0.4 | AB24: 0.4375 | AC24: 0.4285714 | AD24: 0.4126984 | AE24: 0.40625 | AF24: 0.4375 | AG24: 0.421875 | AH24: 0.421875 | AI24: 0.40625 | AJ24: 0.12 | AK24: 0.09 | AL24: 0.39 | AM24: 0.59375 | AN24: 0.13
... A26: 2015 | B26: 0.25 | C26: 0.3972603 | D26: 0.15 | E26: 0.16 | F26: 0.4794521 | G26: 0.4520548 | H26: 0.4657534 | I26: 0.4225352 | J26: 0.5138889 | K26: 0.4794521 | L26: 0.5205479 | M26: 0.4383562 | N26: 0.5753425 | O26: 0.4 | P26: 0.5070423 | Q26: 0.4246575 | R26: 0.5068493 | S26: 0.3972603 | T26: 0.4794521 | U26: 0.21 | V26: 0.18 | W26: 0.5205479 | X26: 0.5068493 | Y26: 0.4794521 | Z26: 0.3888889 | AA26: 0.4 | AB26: 0.4794521 | AC26: 0.5205479 | AD26: 0.4383562 | AE26: 0.4657534 | AF26: 0.4794521 | AG26: 0.4657534 | AH26: 0.4861111 | AI26: 0.3972603 | AJ26: 0.19 | AK26: 0.12 | AL26: 0.46 | AM26: 0.630137 | AN26: 0.17
A27: 2016
A28: 2017
A29: 2018
A32: Russia | B32: Armenia | C32: Austria | D32: Azerbaijan | E32: Belarus | F32: Belgium | G32: Bulgaria | H32: Croatia | I32: Cyprus | J32: Czech | K32: Denmark | L32: Estonia | M32: Finland | N32: France | O32: Georgia | P32: Germany | Q32: Greece | R32: Hungary | S32: Ireland | T32: Italy | U32: Kazakhstan | V32: Kyrgyzstan | W32: latvia | X32: Lithuania | Y32: Luxembourg | Z32: Malta | AA32: Moldova | AB32: Netherlands | AC32: Poland | AD32: Portugal | AE32: Romania | AF32: Slovakia | AG32: Slovenia | AH32: Spain | AI32: Sweden | AJ32: Tajikistan | AK32: Turkmenistan | AL32: Ukraine | AM32: UK | AN32: Uzbekistan
A33: 1991
A34: 1992 | B34: 0.69 | C34: 0.7123288 | D34: 0.58 | E34: 0.66 | F34: 0.6986301 | G34: 0.7083333 | H34: 0.7647059 | I34: 0.4444444 | J34: NA | K34: 0.739726 | L34: 0.6666667 | M34: 0.7534247 | N34: 0.6527778 | O34: NA | P34: 0.6986301 | Q34: 0.6849315 | R34: 0.7183099 | S34: 0.7222222 | T34: 0.6986301 | U34: 0.73 | V34: 0.87 | W34: 0.6714286 | X34: 0.6857143 | Y34: 0.6986301 | Z34: 0.6666667 | AA34: 0.66 | AB34: 0.6986301 | AC34: 0.7083333 | AD34: 0.7123288 | AE34: 0.6805556 | AF34: NA | AG34: 0.7192982 | AH34: 0.6575342 | AI34: 0.739726 | AJ34: 0.71 | AK34: 0.79 | AL34: 0.66 | AM34: 0.5890411 | AN34: NA
A35: 1993 | B35: 0.67 | C35: 0.7142857 | D35: 0.53 | E35: 0.62 | F35: 0.6875 | G35: 0.6984127 | H35: 0.7804878 | I35: 0.46875 | J35: 0.71875 | K35: 0.75 | L35: 0.6779661 | M35: 0.6875 | N35: 0.5967742 | O35: 0.73 | P35: 0.703125 | Q35: 0.671875 | R35: 0.6984127 | S35: 0.7142857 | T35: 0.703125 | U35: 0.62 | V35: 0.64 | W35: 0.7288136 | X35: 0.7413793 | Y35: 0.703125 | Z35: 0.6451613 | AA35: 0.67 | AB35: 0.71875 | AC35: 0.734375 | AD35: 0.71875 | AE35: 0.7377049 | AF35: 0.7142857 | AG35: 0.704918 | AH35: 0.6666667 | AI35: 0.71875 | AJ35: 0.71 | AK35: 0.72 | AL35: 0.55 | AM35: 0.625 | AN35: NA
A36: 1994 | B36: 0.65 | C36: 0.6764706 | D36: 0.52 | E36: 0.74 | F36: 0.6617647 | G36: 0.6567164 | H36: 0.6721311 | I36: 0.5 | J36: 0.641791 | K36: 0.6911765 | L36: 0.671875 | M36: 0.6470588 | N36: 0.5 | O36: 0.74 | P36: 0.6567164 | Q36: 0.6617647 | R36: 0.6323529 | S36: 0.6617647 | T36: 0.6176471 | U36: 0.61 | V36: 0.44 | W36: 0.6875 | X36: 0.6551724 | Y36: 0.6617647 | Z36: 0.6323529 | AA36: 0.62 | AB36: 0.6567164 | AC36: 0.6323529 | AD36: 0.6617647 | AE36: 0.6268657 | AF36: 0.6393443 | AG36: 0.6666667 | AH36: 0.6470588 | AI36: 0.6764706 | AJ36: 0.78 | AK36: 0.58 | AL36: 0.67 | AM36: 0.5223881 | AN36: 0.61
A37: 1995 | B37: 0.76 | C37: 0.7160494 | D37: 0.65 | E37: 0.72 | F37: 0.5679012 | G37: 0.7530864 | H37: 0.7368421 | I37: 0.6049383 | J37: 0.7375 | K37: 0.7160494 | L37: 0.75 | M37: 0.7037037 | N37: 0.5189873 | O37: 0.62 | P37: 0.7283951 | Q37: 0.5802469 | R37: 0.7432432 | S37: 0.7160494 | T37: 0.725 | U37: 0.7 | V37: 0.5 | W37: 0.5735294 | X37: 0.75 | Y37: 0.7037037 | Z37: 0.6790123 | AA37: 0.74 | AB37: 0.691358 | AC37: 0.7594937 | AD37: 0.7283951 | AE37: 0.7625 | AF37: 0.7407407 | AG37: 0.7435897 | AH37: 0.7407407 | AI37: 0.7160494 | AJ37: 0.75 | AK37: 0.85 | AL37: 0.69 | AM37: 0.4938272 | AN37: 0.65
A38: 1996 | B38: 0.72 | C38: 0.6712329 | D38: 0.7 | E38: 0.74 | F38: 0.7083333 | G38: 0.6575342 | H38: 0.6764706 | I38: 0.6712329 | J38: 0.6712329 | K38: 0.6712329 | L38: 0.6056338 | M38: 0.6849315 | N38: 0.7083333 | O38: 0.7 | P38: 0.6986301 | Q38: 0.7857143 | R38: 0.6944444 | S38: 0.6712329 | T38: 0.6849315 | U38: 0.75 | V38: 0.68 | W38: 0.6764706 | X38: 0.6111111 | Y38: 0.7123288 | Z38: 0.6619718 | AA38: 0.63 | AB38: 0.6944444 | AC38: 0.6944444 | AD38: 0.6805556 | AE38: 0.6944444 | AF38: 0.6805556 | AG38: 0.6760563 | AH38: 0.6666667 | AI38: 0.6575342 | AJ38: 0.71 | AK38: 0.5 | AL38: 0.68 | AM38: 0.6712329 | AN38: 0.55
A39: 1997 | B39: 0.76 | C39: 0.6956522 | D39: 0.8 | E39: 0.72 | F39: 0.7246377 | G39: 0.6470588 | H39: 0.6818182 | I39: 0.6956522 | J39: 0.6956522 | K39: 0.7101449 | L39: 0.6617647 | M39: 0.6956522 | N39: 0.6811594 | O39: 0.75 | P39: 0.7246377 | Q39: 0.6956522 | R39: 0.7164179 | S39: 0.6956522 | T39: 0.7101449 | U39: 0.75 | V39: 0.69 | W39: 0.6865672 | X39: 0.6811594 | Y39: 0.7058824 | Z39: 0.6911765 | AA39: 0.73 | AB39: 0.7246377 | AC39: 0.7101449 | AD39: 0.7101449 | AE39: 0.6811594 | AF39: 0.6956522 | AG39: 0.7058824 | AH39: 0.7101449 | AI39: 0.6956522 | AJ39: 0.71 | AK39: 0.7 | AL39: 0.74 | AM39: 0.6521739 | AN39: 0.49
A40: 1998 | B40: 0.69 | C40: 0.6833333 | D40: 0.7 | E40: 0.75 | F40: 0.7166667 | G40: 0.7118644 | H40: 0.6949153 | I40: 0.6833333 | J40: 0.7288136 | K40: 0.6833333 | L40: 0.7166667 | M40: 0.7 | N40: 0.6949153 | O40: 0.75 | P40: 0.7166667 | Q40: 0.7 | R40: 0.7333333 | S40: 0.6833333 | T40: 0.7 | U40: 0.73 | V40: 0.67 | W40: 0.6896552 | X40: 0.7 | Y40: 0.7166667 | Z40: 0.7166667 | AA40: 0.67 | AB40: 0.7166667 | AC40: 0.7166667 | AD40: 0.7 | AE40: 0.7118644 | AF40: 0.7166667 | AG40: 0.7 | AH40: 0.7 | AI40: 0.6833333 | AJ40: 0.63 | AK40: 0.67 | AL40: 0.67 | AM40: 0.6666667 | AN40: 0.49
A41: 1999 | B41: 0.72 | C41: 0.6764706 | D41: 0.7 | E41: 0.77 | F41: 0.6764706 | G41: 0.7076923 | H41: 0.6969697 | I41: 0.6911765 | J41: 0.6911765 | K41: 0.6911765 | L41: 0.6764706 | M41: 0.6764706 | N41: 0.6617647 | O41: 0.65 | P41: 0.6764706 | Q41: 0.6911765 | R41: 0.6911765 | S41: 0.7058824 | T41: 0.6911765 | U41: 0.75 | V41: NA | W41: 0.6363636 | X41: 0.6764706 | Y41: 0.6764706 | Z41: 0.6617647 | AA41: 0.71 | AB41: 0.6764706 | AC41: 0.7058824 | AD41: 0.6911765 | AE41: 0.7058824 | AF41: 0.6911765 | AG41: 0.6865672 | AH41: 0.6911765 | AI41: 0.6911765 | AJ41: 0.74 | AK41: 0.72 | AL41: 0.7 | AM41: 0.6323529 | AN41: 0.52
A42: 2000 | B42: 0.78 | C42: 0.6515152 | D42: 0.77 | E42: 0.77 | F42: 0.6515152 | G42: 0.6818182 | H42: 0.6363636 | I42: 0.6818182 | J42: 0.6666667 | K42: 0.6666667 | L42: 0.6190476 | M42: 0.6363636 | N42: 0.6363636 | O42: 0.66 | P42: 0.6515152 | Q42: 0.6666667 | R42: 0.6515152 | S42: 0.6969697 | T42: 0.6615385 | U42: 0.75 | V42: 0.84 | W42: 0.625 | X42: 0.6461538 | Y42: 0.6515152 | Z42: 0.6363636 | AA42: 0.67 | AB42: 0.6515152 | AC42: 0.6666667 | AD42: 0.6818182 | AE42: 0.6666667 | AF42: 0.6666667 | AG42: 0.6666667 | AH42: 0.6969697 | AI42: 0.6666667 | AJ42: 0.74 | AK42: 0.68 | AL42: 0.7 | AM42: 0.5909091 | AN42: 0.62
A43: 2001 | B43: 0.76 | C43: 0.6515152 | D43: 0.8 | E43: 0.84 | F43: 0.6515152 | G43: 0.6515152 | H43: 0.6923077 | I43: 0.6515152 | J43: 0.6515152 | K43: 0.6515152 | L43: 0.6190476 | M43: 0.6363636 | N43: 0.578125 | O43: 0.66 | P43: 0.6363636 | Q43: 0.6515152 | R43: 0.640625 | S43: 0.6969697 | T43: 0.65625 | U43: 0.84 | V43: NA | W43: 0.6153846 | X43: 0.65625 | Y43: 0.6461538 | Z43: 0.6212121 | AA43: 0.68 | AB43: 0.6363636 | AC43: 0.6515152 | AD43: 0.6666667 | AE43: 0.6615385 | AF43: 0.6666667 | AG43: 0.65625 | AH43: 0.6818182 | AI43: 0.6818182 | AJ43: NA | AK43: 0.75 | AL43: 0.71 | AM43: 0.5757576 | AN43: NA
A44: 2002 | B44: 0.75 | C44: 0.6714286 | D44: 0.8 | E44: 0.76 | F44: 0.6811594 | G44: 0.6956522 | H44: 0.7 | I44: 0.6571429 | J44: 0.6956522 | K44: 0.7101449 | L44: 0.6811594 | M44: 0.6571429 | N44: 0.6 | O44: 0.7 | P44: 0.6764706 | Q44: 0.7 | R44: 0.6956522 | S44: 0.6571429 | T44: 0.6857143 | U44: 0.78 | V44: 0.71 | W44: 0.6764706 | X44: 0.6857143 | Y44: 0.7 | Z44: 0.6428571 | AA44: 0.7 | AB44: 0.6521739 | AC44: 0.7142857 | AD44: 0.6716418 | AE44: 0.6811594 | AF44: 0.7 | AG44: 0.6857143 | AH44: 0.7142857 | AI44: 0.6571429 | AJ44: 0.74 | AK44: 0.71 | AL44: 0.69 | AM44: 0.5857143 | AN44: 0.62
A45: 2003 | B45: 0.81 | C45: 0.6578947 | D45: 0.8 | E45: 0.84 | F45: 0.68 | G45: 0.6710526 | H45: 0.6578947 | I45: 0.6710526 | J45: 0.6578947 | K45: 0.6973684 | L45: 0.6666667 | M45: 0.6447368 | N45: 0.6578947 | O45: 0.65 | P45: 0.6447368 | Q45: 0.7105263 | R45: 0.6842105 | S45: 0.6842105 | T45: 0.7236842 | U45: 0.86 | V45: 0.88 | W45: 0.6973684 | X45: 0.6710526 | Y45: 0.6710526 | Z45: 0.6447368 | AA45: 0.71 | AB45: 0.6973684 | AC45: 0.6891892 | AD45: 0.6933333 | AE45: 0.7162162 | AF45: 0.6973684 | AG45: 0.7066667 | AH45: 0.7105263 | AI45: 0.6447368 | AJ45: 0.91 | AK45: 0.78 | AL45: 0.74 | AM45: 0.6052632 | AN45: 0.69
A46: 2004 | B46: 0.8 | C46: 0.6428571 | D46: 0.84 | E46: 0.82 | F46: 0.6323529 | G46: 0.6714286 | H46: 0.6428571 | I46: 0.6 | J46: 0.6666667 | K46: 0.6571429 | L46: 0.6470588 | M46: 0.6285714 | N46: 0.5652174 | O46: 0.71 | P46: 0.6376812 | Q46: 0.6811594 | R46: 0.6666667 | S46: 0.6428571 | T46: 0.6666667 | U46: 0.85 | V46: 0.82 | W46: 0.641791 | X46: 0.6571429 | Y46: 0.6470588 | Z46: 0.5942029 | AA46: 0.71 | AB46: 0.6571429 | AC46: 0.6666667 | AD46: 0.6571429 | AE46: 0.6714286 | AF46: 0.6571429 | AG46: 0.6714286 | AH46: 0.6714286 | AI46: 0.6142857 | AJ46: 0.87 | AK46: 0.76 | AL46: 0.73 | AM46: 0.5571429 | AN46: 0.75
A47: 2005 | B47: 0.78 | C47: 0.6575342 | D47: 0.82 | E47: 0.83 | F47: 0.6575342 | G47: 0.6438356 | H47: 0.6575342 | I47: 0.6438356 | J47: 0.6712329 | K47: 0.6575342 | L47: 0.6666667 | M47: 0.6438356 | N47: 0.6027397 | O47: 0.7 | P47: 0.6438356 | Q47: 0.6849315 | R47: 0.6849315 | S47: 0.6849315 | T47: 0.6805556 | U47: 0.82 | V47: 0.82 | W47: 0.6849315 | X47: 0.6712329 | Y47: 0.6712329 | Z47: 0.6575342 | AA47: 0.67 | AB47: 0.6575342 | AC47: 0.6849315 | AD47: 0.6986301 | AE47: 0.6986301 | AF47: 0.6575342 | AG47: 0.6849315 | AH47: 0.7123288 | AI47: 0.6575342 | AJ47: 0.84 | AK47: 0.76 | AL47: 0.75 | AM47: 0.5890411 | AN47: 0.83
A48: 2006 | B48: 0.79 | C48: 0.6551724 | D48: 0.79 | E48: 0.88 | F48: 0.6395349 | G48: 0.6321839 | H48: 0.6321839 | I48: 0.6117647 | J48: 0.6321839 | K48: 0.6321839 | L48: 0.6321839 | M48: 0.6321839 | N48: 0.5632184 | O48: 0.64 | P48: 0.6436782 | Q48: 0.6551724 | R48: 0.6551724 | S48: 0.6551724 | T48: 0.6436782 | U48: 0.85 | V48: 0.87 | W48: 0.6436782 | X48: 0.6321839 | Y48: 0.627907 | Z48: 0.6117647 | AA48: 0.58 | AB48: 0.6436782 | AC48: 0.6511628 | AD48: 0.6321839 | AE48: 0.6470588 | AF48: 0.6352941 | AG48: 0.6551724 | AH48: 0.6436782 | AI48: 0.6551724 | AJ48: 0.86 | AK48: 0.78 | AL48: 0.64 | AM48: 0.5977011 | AN48: 0.88
A49: 2007 | B49: 0.78 | C49: 0.6315789 | D49: 0.79 | E49: 0.81 | F49: 0.6578947 | G49: 0.6447368 | H49: 0.6533333 | I49: 0.6052632 | J49: 0.6266667 | K49: 0.6578947 | L49: 0.6447368 | M49: 0.6447368 | N49: 0.5866667 | O49: 0.65 | P49: 0.6447368 | Q49: 0.6710526 | R49: 0.6571429 | S49: 0.6447368 | T49: 0.6447368 | U49: 0.8 | V49: 0.79 | W49: 0.6710526 | X49: 0.6578947 | Y49: 0.6578947 | Z49: 0.6315789 | AA49: 0.64 | AB49: 0.6447368 | AC49: 0.6710526 | AD49: 0.6578947 | AE49: 0.6578947 | AF49: 0.6578947 | AG49: 0.6710526 | AH49: 0.6447368 | AI49: 0.6578947 | AJ49: 0.83 | AK49: 0.78 | AL49: 0.64 | AM49: 0.5657895 | AN49: 0.85
A50: 2008 | B50: 0.73 | C50: 0.5972222 | D50: 0.79 | E50: 0.82 | F50: 0.5833333 | G50: 0.5915493 | H50: 0.5972222 | I50: 0.5833333 | J50: 0.5972222 | K50: 0.5915493 | L50: 0.5972222 | M50: 0.5694444 | N50: 0.5138889 | O50: 0.6 | P50: 0.5694444 | Q50: 0.6111111 | R50: 0.5972222 | S50: 0.5972222 | T50: 0.5694444 | U50: 0.82 | V50: 0.8 | W50: 0.6056338 | X50: 0.5972222 | Y50: 0.5915493 | Z50: 0.5633803 | AA50: 0.61 | AB50: 0.5774648 | AC50: 0.5972222 | AD50: 0.5833333 | AE50: 0.6111111 | AF50: 0.6111111 | AG50: 0.5915493 | AH50: 0.5972222 | AI50: 0.6111111 | AJ50: 0.75 | AK50: 0.76 | AL50: 0.59 | AM50: 0.5211268 | AN50: 0.85
A51: 2009 | B51: 0.74 | C51: 0.5671642 | D51: 0.75 | E51: 0.8 | F51: 0.5671642 | G51: 0.5606061 | H51: 0.5606061 | I51: 0.5223881 | J51: 0.5671642 | K51: 0.5671642 | L51: 0.5671642 | M51: 0.5671642 | N51: 0.4776119 | O51: 0.6 | P51: 0.5820896 | Q51: 0.5671642 | R51: 0.5757576 | S51: 0.5522388 | T51: 0.5820896 | U51: 0.75 | V51: 0.78 | W51: 0.5820896 | X51: 0.5820896 | Y51: 0.5606061 | Z51: 0.5223881 | AA51: 0.57 | AB51: 0.5671642 | AC51: 0.5671642 | AD51: 0.5671642 | AE51: 0.5671642 | AF51: 0.5671642 | AG51: 0.5671642 | AH51: 0.5820896 | AI51: 0.5671642 | AJ51: 0.75 | AK51: 0.75 | AL51: 0.56 | AM51: 0.4925373 | AN51: 0.81
A52: 2010 | B52: 0.79 | C52: 0.6567164 | D52: 0.78 | E52: 0.8 | F52: 0.6119403 | G52: 0.6363636 | H52: 0.6515152 | I52: 0.6268657 | J52: 0.6567164 | K52: 0.641791 | L52: 0.6567164 | M52: 0.6268657 | N52: 0.5373134 | O52: 0.7 | P52: 0.6268657 | Q52: 0.6875 | R52: 0.6716418 | S52: 0.6515152 | T52: 0.6507937 | U52: 0.78 | V52: 0.79 | W52: 0.6461538 | X52: 0.6567164 | Y52: 0.641791 | Z52: 0.6268657 | AA52: 0.67 | AB52: 0.641791 | AC52: 0.6363636 | AD52: 0.6567164 | AE52: 0.641791 | AF52: 0.6567164 | AG52: 0.641791 | AH52: 0.6666667 | AI52: 0.6567164 | AJ52: 0.81 | AK52: 0.75 | AL52: 0.67 | AM52: 0.5223881 | AN52: 0.8
A53: 2011 | B53: 0.75 | C53: 0.6 | D53: 0.73 | E53: 0.79 | F53: 0.5692308 | G53: 0.578125 | H53: 0.5423729 | I53: 0.5692308 | J53: 0.5846154 | K53: 0.5846154 | L53: 0.5846154 | M53: 0.5692308 | N53: 0.5538462 | O53: 0.52 | P53: 0.5846154 | Q53: 0.6 | R53: 0.6 | S53: 0.6 | T53: 0.5846154 | U53: 0.74 | V53: 0.76 | W53: 0.5846154 | X53: 0.5846154 | Y53: 0.6 | Z53: 0.5692308 | AA53: 0.57 | AB53: 0.578125 | AC53: 0.5846154 | AD53: 0.6 | AE53: 0.5625 | AF53: 0.5846154 | AG53: 0.6 | AH53: 0.6 | AI53: 0.578125 | AJ53: 0.82 | AK53: 0.75 | AL53: 0.57 | AM53: 0.5384615 | AN53: 0.83
A54: 2012 | B54: 0.75 | C54: 0.6323529 | D54: 0.73 | E54: 0.78 | F54: 0.5970149 | G54: 0.6037736 | H54: 0.5820896 | I54: 0.6029412 | J54: 0.6029412 | K54: 0.6176471 | L54: 0.6119403 | M54: 0.5882353 | N54: 0.6029412 | O54: 0.63 | P54: 0.5882353 | Q54: 0.6119403 | R54: 0.6029412 | S54: 0.6323529 | T54: 0.6176471 | U54: 0.73 | V54: 0.75 | W54: 0.5970149 | X54: 0.6029412 | Y54: 0.6176471 | Z54: 0.6029412 | AA54: 0.6 | AB54: 0.5882353 | AC54: 0.6029412 | AD54: 0.6323529 | AE54: 0.5882353 | AF54: 0.6029412 | AG54: 0.6029412 | AH54: 0.6323529 | AI54: 0.6323529 | AJ54: 0.74 | AK54: 0.72 | AL54: 0.6 | AM54: 0.5555556 | AN54: 0.81
A55: 2013 | B55: 0.73 | C55: 0.546875 | D55: 0.66 | E55: 0.77 | F55: 0.5396825 | G55: 0.53125 | H55: 0.5238095 | I55: 0.5 | J55: 0.546875 | K55: 0.546875 | L55: 0.5396825 | M55: 0.53125 | N55: 0.53125 | O55: 0.55 | P55: 0.5396825 | Q55: 0.5396825 | R55: 0.546875 | S55: 0.5396825 | T55: 0.5625 | U55: 0.66 | V55: 0.67 | W55: 0.5483871 | X55: 0.546875 | Y55: 0.5625 | Z55: 0.5079365 | AA55: 0.51 | AB55: 0.546875 | AC55: 0.5396825 | AD55: 0.5396825 | AE55: 0.515625 | AF55: 0.546875 | AG55: 0.546875 | AH55: 0.546875 | AI55: 0.546875 | AJ55: 0.67 | AK55: 0.67 | AL55: 0.5 | AM55: 0.515625 | AN55: 0.75
... A57: 2015 | B57: 0.68 | C57: 0.4657534 | D57: 0.62 | E57: 0.67 | F57: 0.5205479 | G57: 0.5342466 | H57: 0.5479452 | I57: 0.4366197 | J57: 0.5416667 | K57: 0.5342466 | L57: 0.5616438 | M57: 0.5068493 | N57: 0.5205479 | O57: 0.5 | P57: 0.5211268 | Q57: 0.5342466 | R57: 0.5479452 | S57: 0.4794521 | T57: 0.5479452 | U57: 0.62 | V57: 0.61 | W57: 0.5616438 | X57: 0.5479452 | Y57: 0.5342466 | Z57: 0.4583333 | AA57: 0.49 | AB57: 0.5205479 | AC57: 0.5479452 | AD57: 0.5342466 | AE57: 0.5342466 | AF57: 0.5342466 | AG57: 0.5205479 | AH57: 0.5555556 | AI57: 0.4657534 | AJ57: 0.6 | AK57: 0.65 | AL57: 0.54 | AM57: 0.5342466 | AN57: 0.67
A58: 2016
A59: 2017
A60: 2018
A63: China | B63: Armenia | C63: Austria | D63: Azerbaijan | E63: Belarus | F63: Belgium | G63: Bulgaria | H63: Croatia | I63: Cyprus | J63: Czech | K63: Denmark | L63: Estonia | M63: Finland | N63: France | O63: Georgia | P63: Germany | Q63: Greece | R63: Hungary | S63: Ireland | T63: Italy | U63: Kazakhstan | V63: Kyrgyzstan | W63: latvia | X63: Lithuania | Y63: Luxembourg | Z63: Malta | AA63: Moldova | AB63: Netherlands | AC63: Poland | AD63: Portugal | AE63: Romania | AF63: Slovakia | AG63: Slovenia | AH63: Spain | AI63: Sweden | AJ63: Tajikistan | AK63: Turkmenistan | AL63: Ukraine | AM63: UK | AN63: Uzbekistan
A64: 1991
A65: 1992 | B65: 0.67 | C65: 0.4714286 | D65: 0.7 | E65: 0.63 | F65: 0.4428571 | G65: 0.4492754 | H65: 0.2352941 | I65: 0.826087 | J65: NA | K65: 0.4857143 | L65: 0.4545455 | M65: 0.4714286 | N65: 0.4714286 | O65: NA | P65: 0.4428571 | Q65: 0.5428571 | R65: 0.4264706 | S65: 0.5072464 | T65: 0.4428571 | U65: 0.62 | V65: 0.46 | W65: 0.4925373 | X65: 0.4925373 | Y65: 0.4428571 | Z65: 0.5942029 | AA65: 0.46 | AB65: 0.4428571 | AC65: 0.4637681 | AD65: 0.4857143 | AE65: 0.4492754 | AF65: NA | AG65: 0.4259259 | AH65: 0.5428571 | AI65: 0.5142857 | AJ65: 0.84 | AK65: 0.83 | AL65: 0.67 | AM65: 0.4 | AN65: NA
A66: 1993 | B66: 0.64 | C66: 0.4754098 | D66: 0.74 | E66: 0.66 | F66: 0.4354839 | G66: 0.442623 | H66: 0.3846154 | I66: 0.7903226 | J66: 0.4354839 | K66: 0.4677419 | L66: 0.4561404 | M66: 0.4516129 | N66: 0.4262295 | O66: 0.32 | P66: 0.4032258 | Q66: 0.5483871 | R66: 0.442623 | S66: 0.4754098 | T66: 0.4193548 | U66: 0.59 | V66: 0.55 | W66: 0.4385965 | X66: 0.4464286 | Y66: 0.4193548 | Z66: 0.5666667 | AA66: 0.43 | AB66: 0.4193548 | AC66: 0.4516129 | AD66: 0.4516129 | AE66: 0.440678 | AF66: 0.4098361 | AG66: 0.440678 | AH66: 0.5245902 | AI66: 0.5 | AJ66: 0.74 | AK66: 0.79 | AL66: 0.73 | AM66: 0.3387097 | AN66: NA
A67: 1994 | B67: 0.67 | C67: 0.5454545 | D67: 0.75 | E67: 0.65 | F67: 0.5151515 | G67: 0.5076923 | H67: 0.559322 | I67: 0.7878788 | J67: 0.5076923 | K67: 0.5454545 | L67: 0.483871 | M67: 0.530303 | N67: 0.4615385 | O67: 0.46 | P67: 0.4923077 | Q67: 0.5909091 | R67: 0.4848485 | S67: 0.5606061 | T67: 0.5 | U67: 0.59 | V67: 0.68 | W67: 0.4516129 | X67: 0.4464286 | Y67: 0.5151515 | Z67: 0.5909091 | AA67: 0.51 | AB67: 0.4923077 | AC67: 0.5 | AD67: 0.5454545 | AE67: 0.5230769 | AF67: 0.5254237 | AG67: 0.5 | AH67: 0.5909091 | AI67: 0.5757576 | AJ67: 0.58 | AK67: 0.77 | AL67: 0.6 | AM67: 0.4153846 | AN67: 0.65
A68: 1995 | B68: 0.66 | C68: 0.5769231 | D68: 0.76 | E68: 0.68 | F68: 0.3846154 | G68: 0.5641026 | H68: 0.5616438 | I68: 0.7820513 | J68: 0.5324675 | K68: 0.5769231 | L68: 0.5342466 | M68: 0.5512821 | N68: 0.3766234 | O68: 0.37 | P68: 0.5384615 | Q68: 0.474359 | R68: 0.5211268 | S68: 0.5897436 | T68: 0.5454545 | U68: 0.65 | V68: 0.56 | W68: 0.3076923 | X68: 0.5324675 | Y68: 0.5641026 | Z68: 0.6153846 | AA68: 0.55 | AB68: 0.525641 | AC68: 0.5263158 | AD68: 0.5769231 | AE68: 0.5324675 | AF68: 0.5512821 | AG68: 0.5066667 | AH68: 0.5897436 | AI68: 0.5769231 | AJ68: 0.43 | AK68: 0.92 | AL68: 0.67 | AM68: 0.3333333 | AN68: 0.17
A69: 1996 | B69: 0.64 | C69: 0.5675676 | D69: 0.7 | E69: 0.6 | F69: 0.5205479 | G69: 0.527027 | H69: 0.5217391 | I69: 0.5675676 | J69: 0.527027 | K69: 0.5135135 | L69: 0.4722222 | M69: 0.5 | N69: 0.4931507 | O69: 0.53 | P69: 0.5135135 | Q69: 0.5714286 | R69: 0.5205479 | S69: 0.5810811 | T69: 0.5405405 | U69: 0.6 | V69: 0.59 | W69: 0.4492754 | X69: 0.4520548 | Y69: 0.5135135 | Z69: 0.7083333 | AA69: 0.49 | AB69: 0.4931507 | AC69: 0.5479452 | AD69: 0.5342466 | AE69: 0.5342466 | AF69: 0.5479452 | AG69: 0.5277778 | AH69: 0.5342466 | AI69: 0.5675676 | AJ69: 0.51 | AK69: 0.75 | AL69: 0.6 | AM69: 0.472973 | AN69: 0.48
A70: 1997 | B70: 0.56 | C70: 0.5072464 | D70: 0.75 | E70: 0.67 | F70: 0.4782609 | G70: 0.4411765 | H70: 0.5151515 | I70: 0.5797101 | J70: 0.5072464 | K70: 0.5072464 | L70: 0.5 | M70: 0.4927536 | N70: 0.4202899 | O70: 0.52 | P70: 0.4782609 | Q70: 0.5072464 | R70: 0.5074627 | S70: 0.5217391 | T70: 0.4927536 | U70: 0.68 | V70: 0.63 | W70: 0.4776119 | X70: 0.4782609 | Y70: 0.4852941 | Z70: 0.7058824 | AA70: 0.5 | AB70: 0.4782609 | AC70: 0.4927536 | AD70: 0.4927536 | AE70: 0.5072464 | AF70: 0.5217391 | AG70: 0.5 | AH70: 0.4927536 | AI70: 0.5217391 | AJ70: 0.71 | AK70: 0.61 | AL70: 0.64 | AM70: 0.4202899 | AN70: 0.51
A71: 1998 | B71: 0.72 | C71: 0.5333333 | D71: 0.78 | E71: 0.77 | F71: 0.5333333 | G71: 0.5254237 | H71: 0.5689655 | I71: 0.6 | J71: 0.5423729 | K71: 0.55 | L71: 0.4833333 | M71: 0.5333333 | N71: 0.440678 | O71: 0.58 | P71: 0.5333333 | Q71: 0.55 | R71: 0.5166667 | S71: 0.55 | T71: 0.55 | U71: 0.73 | V71: 0.7 | W71: 0.4827586 | X71: 0.5 | Y71: 0.5333333 | Z71: 0.6833333 | AA71: 0.55 | AB71: 0.5333333 | AC71: 0.5333333 | AD71: 0.55 | AE71: 0.5254237 | AF71: 0.5333333 | AG71: 0.55 | AH71: 0.55 | AI71: 0.55 | AJ71: 0.78 | AK71: 0.62 | AL71: 0.68 | AM71: 0.4333333 | AN71: 0.33
A72: 1999 | B72: 0.69 | C72: 0.4705882 | D72: 0.74 | E72: 0.74 | F72: 0.4705882 | G72: 0.4461538 | H72: 0.5 | I72: 0.5588235 | J72: 0.4852941 | K72: 0.4852941 | L72: 0.4411765 | M72: 0.4852941 | N72: 0.4117647 | O72: 0.47 | P72: 0.4705882 | Q72: 0.4852941 | R72: 0.4558824 | S72: 0.5 | T72: 0.4852941 | U72: 0.58 | V72: NA | W72: 0.4393939 | X72: 0.4705882 | Y72: 0.4705882 | Z72: 0.5588235 | AA72: 0.49 | AB72: 0.4705882 | AC72: 0.4705882 | AD72: 0.4852941 | AE72: 0.4705882 | AF72: 0.4852941 | AG72: 0.4776119 | AH72: 0.4852941 | AI72: 0.4852941 | AJ72: 0.78 | AK72: 0.69 | AL72: 0.63 | AM72: 0.3823529 | AN72: 0.4
A73: 2000 | B73: 0.74 | C73: 0.5454545 | D73: 0.79 | E73: 0.86 | F73: 0.5373134 | G73: 0.5671642 | H73: 0.5373134 | I73: 0.6567164 | J73: 0.5522388 | K73: 0.5522388 | L73: 0.5079365 | M73: 0.5373134 | N73: 0.4776119 | O73: 0.54 | P73: 0.5373134 | Q73: 0.5522388 | R73: 0.5373134 | S73: 0.5970149 | T73: 0.5454545 | U73: 0.67 | V73: 0.79 | W73: 0.5076923 | X73: 0.530303 | Y73: 0.5373134 | Z73: 0.641791 | AA73: 0.56 | AB73: 0.5373134 | AC73: 0.5522388 | AD73: 0.5671642 | AE73: 0.5522388 | AF73: 0.5522388 | AG73: 0.5522388 | AH73: 0.5522388 | AI73: 0.5671642 | AJ73: 0.71 | AK73: 0.68 | AL73: 0.69 | AM73: 0.4626866 | AN73: 0.55
A74: 2001 | B74: 0.75 | C74: 0.5223881 | D74: 0.87 | E74: 0.81 | F74: 0.5074627 | G74: 0.5 | H74: 0.5606061 | I74: 0.5970149 | J74: 0.5074627 | K74: 0.5074627 | L74: 0.4761905 | M74: 0.5074627 | N74: 0.4153846 | O74: 0.52 | P74: 0.4925373 | Q74: 0.5074627 | R74: 0.484375 | S74: 0.5671642 | T74: 0.4923077 | U74: 0.78 | V74: NA | W74: 0.4615385 | X74: 0.5 | Y74: 0.5 | Z74: 0.5909091 | AA74: 0.56 | AB74: 0.4925373 | AC74: 0.5074627 | AD74: 0.5223881 | AE74: 0.5151515 | AF74: 0.5223881 | AG74: 0.5076923 | AH74: 0.5074627 | AI74: 0.5373134 | AJ74: NA | AK74: 0.75 | AL74: 0.67 | AM74: 0.4179104 | AN74: NA
A75: 2002 | B75: 0.76 | C75: 0.5633803 | D75: 0.86 | E75: 0.83 | F75: 0.5142857 | G75: 0.5285714 | H75: 0.5492958 | I75: 0.6478873 | J75: 0.5571429 | K75: 0.5428571 | L75: 0.5285714 | M75: 0.5211268 | N75: 0.4507042 | O75: 0.56 | P75: 0.5217391 | Q75: 0.5633803 | R75: 0.5285714 | S75: 0.5774648 | T75: 0.5492958 | U75: 0.76 | V75: 0.73 | W75: 0.5072464 | X75: 0.5211268 | Y75: 0.5352113 | Z75: 0.6619718 | AA75: 0.56 | AB75: 0.5 | AC75: 0.5492958 | AD75: 0.5373134 | AE75: 0.5428571 | AF75: 0.5633803 | AG75: 0.5211268 | AH75: 0.5492958 | AI75: 0.5774648 | AJ75: 0.73 | AK75: 0.7 | AL75: 0.69 | AM75: 0.4366197 | AN75: 0.5
A76: 2003 | B76: 0.74 | C76: 0.5466667 | D76: 0.87 | E76: 0.85 | F76: 0.5 | G76: 0.52 | H76: 0.52 | I76: 0.5866667 | J76: 0.48 | K76: 0.52 | L76: 0.5 | M76: 0.5066667 | N76: 0.4666667 | O76: 0.49 | P76: 0.4666667 | Q76: 0.5333333 | R76: 0.5066667 | S76: 0.6 | T76: 0.5466667 | U76: 0.76 | V76: 0.82 | W76: 0.52 | X76: 0.4933333 | Y76: 0.4933333 | Z76: 0.6 | AA76: 0.56 | AB76: 0.52 | AC76: 0.5068493 | AD76: 0.5405405 | AE76: 0.5342466 | AF76: 0.52 | AG76: 0.5405405 | AH76: 0.5066667 | AI76: 0.5333333 | AJ76: 0.79 | AK76: 0.94 | AL76: 0.67 | AM76: 0.4133333 | AN76: 0.54
A77: 2004 | B77: 0.72 | C77: 0.5428571 | D77: 0.85 | E77: 0.9 | F77: 0.5294118 | G77: 0.5428571 | H77: 0.5428571 | I77: 0.6 | J77: 0.5362319 | K77: 0.5428571 | L77: 0.5294118 | M77: 0.5571429 | N77: 0.4347826 | O77: 0.56 | P77: 0.5217391 | Q77: 0.5588235 | R77: 0.5217391 | S77: 0.5714286 | T77: 0.5428571 | U77: 0.85 | V77: 0.89 | W77: 0.5522388 | X77: 0.5571429 | Y77: 0.5441176 | Z77: 0.6086957 | AA77: 0.56 | AB77: 0.5571429 | AC77: 0.5217391 | AD77: 0.5428571 | AE77: 0.5285714 | AF77: 0.5428571 | AG77: 0.5285714 | AH77: 0.5428571 | AI77: 0.5714286 | AJ77: 0.82 | AK77: 0.98 | AL77: 0.64 | AM77: 0.4428571 | AN77: 0.67
A78: 2005 | B78: 0.78 | C78: 0.5753425 | D78: 0.89 | E78: 0.88 | F78: 0.5616438 | G78: 0.6027397 | H78: 0.5753425 | I78: 0.6438356 | J78: 0.5753425 | K78: 0.5753425 | L78: 0.5555556 | M78: 0.5753425 | N78: 0.4794521 | O78: 0.57 | P78: 0.5753425 | Q78: 0.5890411 | R78: 0.5616438 | S78: 0.6027397 | T78: 0.5833333 | U78: 0.84 | V78: 0.83 | W78: 0.5616438 | X78: 0.5753425 | Y78: 0.5753425 | Z78: 0.6575342 | AA78: 0.58 | AB78: 0.5753425 | AC78: 0.5616438 | AD78: 0.6027397 | AE78: 0.5753425 | AF78: 0.5890411 | AG78: 0.5616438 | AH78: 0.5890411 | AI78: 0.5890411 | AJ78: 0.9 | AK78: 0.94 | AL78: 0.66 | AM78: 0.4794521 | AN78: 0.88
A79: 2006 | B79: 0.8 | C79: 0.6235294 | D79: 0.86 | E79: 0.88 | F79: 0.6 | G79: 0.6 | H79: 0.6 | I79: 0.6309524 | J79: 0.6 | K79: 0.6 | L79: 0.6 | M79: 0.6 | N79: 0.5058824 | O79: 0.6 | P79: 0.6 | Q79: 0.5882353 | R79: 0.5882353 | S79: 0.6235294 | T79: 0.6235294 | U79: 0.85 | V79: 0.86 | W79: 0.5882353 | X79: 0.6 | Y79: 0.5952381 | Z79: 0.6385542 | AA79: 0.57 | AB79: 0.6 | AC79: 0.5882353 | AD79: 0.6 | AE79: 0.5833333 | AF79: 0.5903614 | AG79: 0.5882353 | AH79: 0.5882353 | AI79: 0.6235294 | AJ79: 0.9 | AK79: 0.93 | AL79: 0.6 | AM79: 0.5294118 | AN79: 0.89
A80: 2007 | B80: 0.78 | C80: 0.6184211 | D80: 0.87 | E80: 0.91 | F80: 0.6052632 | G80: 0.6184211 | H80: 0.6 | I80: 0.6184211 | J80: 0.5733333 | K80: 0.6052632 | L80: 0.5921053 | M80: 0.5921053 | N80: 0.4736842 | O80: 0.61 | P80: 0.5921053 | Q80: 0.5921053 | R80: 0.5857143 | S80: 0.6052632 | T80: 0.5921053 | U80: 0.86 | V80: 0.86 | W80: 0.5789474 | X80: 0.5921053 | Y80: 0.6052632 | Z80: 0.6315789 | AA80: 0.59 | AB80: 0.6052632 | AC80: 0.5789474 | AD80: 0.5921053 | AE80: 0.5921053 | AF80: 0.5921053 | AG80: 0.5921053 | AH80: 0.6052632 | AI80: 0.5921053 | AJ80: 0.9 | AK80: 0.9 | AL80: 0.57 | AM80: 0.4736842 | AN80: 0.88
A81: 2008 | B81: 0.74 | C81: 0.5571429 | D81: 0.88 | E81: 0.94 | F81: 0.5428571 | G81: 0.5507246 | H81: 0.5571429 | I81: 0.6142857 | J81: 0.5571429 | K81: 0.5507246 | L81: 0.5571429 | M81: 0.5428571 | N81: 0.4571429 | O81: 0.56 | P81: 0.5428571 | Q81: 0.5714286 | R81: 0.5571429 | S81: 0.5571429 | T81: 0.5428571 | U81: 0.84 | V81: 0.86 | W81: 0.5362319 | X81: 0.5571429 | Y81: 0.5507246 | Z81: 0.5797101 | AA81: 0.57 | AB81: 0.5507246 | AC81: 0.5571429 | AD81: 0.5428571 | AE81: 0.5714286 | AF81: 0.5714286 | AG81: 0.5507246 | AH81: 0.5571429 | AI81: 0.5571429 | AJ81: 0.88 | AK81: 0.88 | AL81: 0.55 | AM81: 0.4492754 | AN81: 0.89
A82: 2009 | B82: 0.75 | C82: 0.5074627 | D82: 0.89 | E82: 0.91 | F82: 0.4925373 | G82: 0.4848485 | H82: 0.469697 | I82: 0.5671642 | J82: 0.4776119 | K82: 0.4925373 | L82: 0.4925373 | M82: 0.5074627 | N82: 0.4029851 | O82: 0.49 | P82: 0.4925373 | Q82: 0.4925373 | R82: 0.4848485 | S82: 0.5223881 | T82: 0.4925373 | U82: 0.85 | V82: 0.88 | W82: 0.4776119 | X82: 0.4626866 | Y82: 0.4848485 | Z82: 0.5522388 | AA82: 0.48 | AB82: 0.4776119 | AC82: 0.4626866 | AD82: 0.5223881 | AE82: 0.4776119 | AF82: 0.4776119 | AG82: 0.5223881 | AH82: 0.5074627 | AI82: 0.5074627 | AJ82: 0.9 | AK82: 0.92 | AL82: 0.48 | AM82: 0.3880597 | AN82: 0.9
A83: 2010 | B83: 0.76 | C83: 0.5909091 | D83: 0.86 | E83: 0.89 | F83: 0.530303 | G83: 0.5384615 | H83: 0.5384615 | I83: 0.6363636 | J83: 0.530303 | K83: 0.5454545 | L83: 0.530303 | M83: 0.5606061 | N83: 0.4393939 | O83: 0.56 | P83: 0.5454545 | Q83: 0.8730159 | R83: 0.5454545 | S83: 0.5846154 | T83: 0.5483871 | U83: 0.88 | V83: 0.88 | W83: 0.515625 | X83: 0.530303 | Y83: 0.5606061 | Z83: 0.6212121 | AA83: 0.56 | AB83: 0.530303 | AC83: 0.5384615 | AD83: 0.5606061 | AE83: 0.530303 | AF83: 0.530303 | AG83: 0.5606061 | AH83: 0.5692308 | AI83: 0.5757576 | AJ83: 0.9 | AK83: 0.89 | AL83: 0.58 | AM83: 0.4242424 | AN83: 0.87
A84: 2011 | B84: 0.73 | C84: 0.5230769 | D84: 0.88 | E84: 0.85 | F84: 0.4769231 | G84: 0.484375 | H84: 0.4915254 | I84: 0.5538462 | J84: 0.4923077 | K84: 0.4923077 | L84: 0.4923077 | M84: 0.4923077 | N84: 0.4615385 | O84: 0.46 | P84: 0.4923077 | Q84: 0.5076923 | R84: 0.5076923 | S84: 0.5230769 | T84: 0.4923077 | U84: 0.85 | V84: 0.82 | W84: 0.4923077 | X84: 0.4923077 | Y84: 0.5076923 | Z84: 0.5538462 | AA84: 0.49 | AB84: 0.484375 | AC84: 0.4923077 | AD84: 0.5076923 | AE84: 0.484375 | AF84: 0.4923077 | AG84: 0.5076923 | AH84: 0.5076923 | AI84: 0.5 | AJ84: 0.88 | AK84: 0.89 | AL84: 0.52 | AM84: 0.4461538 | AN84: 0.86
A85: 2012 | B85: 0.73 | C85: 0.5606061 | D85: 0.85 | E85: 0.83 | F85: 0.5076923 | G85: 0.509434 | H85: 0.4769231 | I85: 0.5909091 | J85: 0.5 | K85: 0.5151515 | L85: 0.4923077 | M85: 0.5151515 | N85: 0.4242424 | O85: 0.52 | P85: 0.5 | Q85: 0.5384615 | R85: 0.5 | S85: 0.5606061 | T85: 0.5454545 | U85: 0.81 | V85: 0.8 | W85: 0.4923077 | X85: 0.5 | Y85: 0.530303 | Z85: 0.5909091 | AA85: 0.52 | AB85: 0.4848485 | AC85: 0.5151515 | AD85: 0.530303 | AE85: 0.5 | AF85: 0.4848485 | AG85: 0.5151515 | AH85: 0.5454545 | AI85: 0.5454545 | AJ85: 0.86 | AK85: 0.84 | AL85: 0.54 | AM85: 0.4032258 | AN85: 0.85
A86: 2013 | B86: 0.71 | C86: 0.53125 | D86: 0.86 | E86: 0.82 | F86: 0.4761905 | G86: 0.484375 | H86: 0.4761905 | I86: 0.5625 | J86: 0.5 | K86: 0.484375 | L86: 0.4920635 | M86: 0.484375 | N86: 0.4375 | O86: 0.5 | P86: 0.4761905 | Q86: 0.5079365 | R86: 0.5 | S86: 0.5238095 | T86: 0.515625 | U86: 0.87 | V86: 0.89 | W86: 0.5 | X86: 0.484375 | Y86: 0.5 | Z86: 0.5555556 | AA86: 0.49 | AB86: 0.484375 | AC86: 0.4761905 | AD86: 0.5079365 | AE86: 0.5 | AF86: 0.484375 | AG86: 0.5 | AH86: 0.515625 | AI86: 0.484375 | AJ86: 0.9 | AK86: 0.89 | AL86: 0.48 | AM86: 0.421875 | AN86: 0.87
... A88: 2015 | B88: 0.69 | C88: 0.4722222 | D88: 0.78 | E88: 0.76 | F88: 0.4583333 | G88: 0.4861111 | H88: 0.4722222 | I88: 0.5142857 | J88: 0.4583333 | K88: 0.4722222 | L88: 0.4861111 | M88: 0.5 | N88: 0.3888889 | O88: 0.55 | P88: 0.4571429 | Q88: 0.5277778 | R88: 0.4583333 | S88: 0.4861111 | T88: 0.4861111 | U88: 0.78 | V88: 0.8 | W88: 0.4861111 | X88: 0.4583333 | Y88: 0.4722222 | Z88: 0.5070423 | AA88: 0.51 | AB88: 0.4583333 | AC88: 0.4722222 | AD88: 0.5138889 | AE88: 0.4861111 | AF88: 0.4722222 | AG88: 0.4722222 | AH88: 0.4647887 | AI88: 0.4861111 | AJ88: 0.79 | AK88: 0.85 | AL88: 0.49 | AM88: 0.3888889 | AN88: 0.76
A89: 2016
A90: 2017
A91: 2018

Sheet HeadofState Meetings
A1: US | B1: Armenia | C1: Austria | D1: Azerbaijan | E1: Belarus | F1: Belgium | G1: Bulgaria | H1: Croatia | I1: Cyprus | J1: Czech | K1: Denmark | L1: Estonia | M1: Finland | N1: France | O1: Georgia | P1: Germany | Q1: Greece | R1: Hungary | S1: Ireland | T1: Italy | U1: Kazakhstan | V1: Kyrgyzstan | W1: latvia | X1: Lithuania | Y1: Luxembourg | Z1: Malta | AA1: Moldova | AB1: Netherlands | AC1: Poland | AD1: Portugal | AE1: Romania | AF1: Slovakia | AG1: Slovenia | AH1: Spain | AI1: Sweden | AJ1: Tajikistan | AK1: Turkmenistan | AL1: Ukraine | AM1: UK | AN1: Uzbekistan
A2: 1991 | B2: 0 | C2: 0.5 | D2: 0 | E2: 0 | F2: 0 | G2: 0 | H2: 0 | I2: 0.5 | J2: 0 | K2: 0.5 | L2: 0 | M2: 0.5 | N2: 1 | O2: 0 | P2: 1 | Q2: 1 | R2: 1 | S2: 0 | T2: 1 | U2: 0 | V2: 0 | W2: 0 | X2: 0 | Y2: 0 | Z2: 0 | AA2: 0 | AB2: 0.5 | AC2: 0 | AD2: 0 | AE2: 0 | AF2: 0 | AG2: 0 | AH2: 1 | AI2: 0 | AJ2: 0 | AK2: 0 | AL2: 0 | AM2: 1 | AN2: 0
A3: 1992 | B3: 0 | C3: 0.5 | D3: 0 | E3: 0 | F3: 0.5 | G3: 0.5 | H3: 0 | I3: 0.5 | J3: 0 | K3: 0 | L3: 0 | M3: 1 | N3: 0.5 | O3: 0 | P3: 1 | Q3: 0.5 | R3: 0 | S3: 0 | T3: 0.5 | U3: 0.5 | V3: 0 | W3: 0 | X3: 0 | Y3: 0 | Z3: 0 | AA3: 0.5 | AB3: 0 | AC3: 1 | AD3: 0 | AE3: 0 | AF3: 0 | AG3: 0 | AH3: 0.5 | AI3: 0.5 | AJ3: 0 | AK3: 0 | AL3: 0.5 | AM3: 1 | AN3: 0
A4: 1993 | B4: 0 | C4: 0 | D4: 0 | E4: 0 | F4: 0 | G4: 0.5 | H4: 0.5 | I4: 0.5 | J4: 0.5 | K4: 0.5 | L4: 0.5 | M4: 0 | N4: 1 | O4: 0 | P4: 1 | Q4: 0 | R4: 0.5 | S4: 0.5 | T4: 0 | U4: 0 | V4: 0 | W4: 0.5 | X4: 0.5 | Y4: 0 | Z4: 0 | AA4: 0.5 | AB4: 0 | AC4: 1 | AD4: 0.5 | AE4: 0.5 | AF4: 0.5 | AG4: 0.5 | AH4: 1 | AI4: 0.5 | AJ4: 0 | AK4: 0 | AL4: 0 | AM4: 0.5 | AN4: 0
A5: 1994 | B5: 0.5 | C5: 0.5 | D5: 0.5 | E5: 0 | F5: 0.5 | G5: 0 | H5: 0.5 | I5: 0 | J5: 0.5 | K5: 0.5 | L5: 0 | M5: 0.5 | N5: 1 | O5: 0.5 | P5: 1 | Q5: 1 | R5: 1 | S5: 0.5 | T5: 1 | U5: 0.5 | V5: 0 | W5: 1 | X5: 0.5 | Y5: 0.5 | Z5: 0 | AA5: 0 | AB5: 1 | AC5: 1 | AD5: 1 | AE5: 0 | AF5: 0.5 | AG5: 0 | AH5: 0.5 | AI5: 0 | AJ5: 0 | AK5: 0 | AL5: 1 | AM5: 1 | AN5: 0
A6: 1995 | B6: 0 | C6: 0.5 | D6: 0 | E6: 0 | F6: 0.5 | G6: 0.5 | H6: 1 | I6: 0 | J6: 1 | K6: 0 | L6: 0 | M6: 0 | N6: 1 | O6: 0 | P6: 1 | Q6: 0 | R6: 0 | S6: 1 | T6: 0.5 | U6: 0 | V6: 0 | W6: 0 | X6: 0 | Y6: 0.5 | Z6: 0 | AA6: 0.5 | AB6: 0.5 | AC6: 0 | AD6: 0.5 | AE6: 0.5 | AF6: 0.5 | AG6: 0.5 | AH6: 0.5 | AI6: 0 | AJ6: 0 | AK6: 0 | AL6: 0.5 | AM6: 1 | AN6: 0
A7: 1996 | B7: 0 | C7: 0 | D7: 0 | E7: 0 | F7: 0 | G7: 0 | H7: 1 | I7: 0.5 | J7: 0.5 | K7: 0 | L7: 0.5 | M7: 0 | N7: 1 | O7: 0 | P7: 0.5 | Q7: 1 | R7: 0.5 | S7: 1 | T7: 1 | U7: 0 | V7: 0 | W7: 0.5 | X7: 0.5 | Y7: 0 | Z7: 0 | AA7: 0 | AB7: 0 | AC7: 0.5 | AD7: 0 | AE7: 0 | AF7: 0 | AG7: 0 | AH7: 0 | AI7: 0.5 | AJ7: 0 | AK7: 0 | AL7: 0.5 | AM7: 0 | AN7: 0.5
A8: 1997 | B8: 0 | C8: 0.5 | D8: 0.5 | E8: 0 | F8: 0.5 | G8: 0.5 | H8: 0 | I8: 0 | J8: 0.5 | K8: 1 | L8: 0.5 | M8: 1 | N8: 1 | O8: 0.5 | P8: 1 | Q8: 0.5 | R8: 0.5 | S8: 1 | T8: 1 | U8: 0.5 | V8: 0 | W8: 0.5 | X8: 0.5 | Y8: 1 | Z8: 0 | AA8: 0 | AB8: 1 | AC8: 1 | AD8: 1 | AE8: 1 | AF8: 0.5 | AG8: 0.5 | AH8: 0.5 | AI8: 0 | AJ8: 0 | AK8: 0 | AL8: 0.5 | AM8: 1 | AN8: 0
A9: 1998 | B9: 0 | C9: 0.5 | D9: 0 | E9: 0 | F9: 0 | G9: 1 | H9: 0 | I9: 0 | J9: 0.5 | K9: 0 | L9: 0.5 | M9: 0 | N9: 0.5 | O9: 0 | P9: 1 | Q9: 0 | R9: 1 | S9: 1 | T9: 1 | U9: 0 | V9: 0 | W9: 0.5 | X9: 0.5 | Y9: 0 | Z9: 0 | AA9: 0 | AB9: 0 | AC9: 0.5 | AD9: 0 | AE9: 0.5 | AF9: 0 | AG9: 0.5 | AH9: 0 | AI9: 0 | AJ9: 0 | AK9: 0.5 | AL9: 0 | AM9: 1 | AN9: 0
A10: 1999 | B10: 0.5 | C10: 0.5 | D10: 0.5 | E10: 0 | F10: 1 | G10: 1 | H10: 0 | I10: 0 | J10: 1 | K10: 1 | L10: 0.5 | M10: 0.5 | N10: 1 | O10: 1 | P10: 1 | Q10: 1 | R10: 1 | S10: 0.5 | T10: 1 | U10: 1 | V10: 0 | W10: 0.5 | X10: 0.5 | Y10: 0.5 | Z10: 0 | AA10: 0.5 | AB10: 0.5 | AC10: 1 | AD10: 0.5 | AE10: 0.5 | AF10: 1 | AG10: 1 | AH10: 0.5 | AI10: 0.5 | AJ10: 0.5 | AK10: 0 | AL10: 1 | AM10: 0.5 | AN10: 0.5
A11: 2000 | B11: 0.5 | C11: 0 | D11: 0.5 | E11: 0 | F11: 0 | G11: 0 | H11: 0.5 | I11: 0 | J11: 0 | K11: 0 | L11: 0 | M11: 0.5 | N11: 1 | O11: 0 | P11: 0.5 | Q11: 0 | R11: 0 | S11: 1 | T11: 1 | U11: 0 | V11: 0 | W11: 0 | X11: 0 | Y11: 0 | Z11: 0 | AA11: 0 | AB11: 0.5 | AC11: 0 | AD11: 0.5 | AE11: 0 | AF11: 0 | AG11: 0 | AH11: 0.5 | AI11: 0 | AJ11: 0 | AK11: 0 | AL11: 0.5 | AM11: 1 | AN11: 0
A12: 2001 | B12: 0.5 | C12: 0.5 | D12: 0.5 | E12: 0 | F12: 1 | G12: 0 | H12: 0 | I12: 0 | J12: 1 | K12: 0.5 | L12: 0 | M12: 0 | N12: 1 | O12: 0.5 | P12: 1 | Q12: 0.5 | R12: 0.5 | S12: 1 | T12: 1 | U12: 0.5 | V12: 0 | W12: 0 | X12: 0 | Y12: 0.5 | Z12: 0 | AA12: 0 | AB12: 0.5 | AC12: 1 | AD12: 0.5 | AE12: 0.5 | AF12: 0 | AG12: 0 | AH12: 1 | AI12: 1 | AJ12: 0 | AK12: 0 | AL12: 0 | AM12: 1 | AN12: 0
A13: 2002 | B13: 0 | C13: 0 | D13: 0 | E13: 0 | F13: 0.5 | G13: 0.5 | H13: 0.5 | I13: 0 | J13: 1 | K13: 1 | L13: 0.5 | M13: 1 | N13: 1 | O13: 0 | P13: 1 | Q13: 1 | R13: 1 | S13: 0.5 | T13: 1 | U13: 0 | V13: 0.5 | W13: 0.5 | X13: 1 | Y13: 1 | Z13: 0 | AA13: 0.5 | AB13: 0.5 | AC13: 1 | AD13: 1 | AE13: 0.5 | AF13: 0.5 | AG13: 1 | AH13: 1 | AI13: 0 | AJ13: 0.5 | AK13: 0 | AL13: 0 | AM13: 1 | AN13: 0.5
... A29: 2018 | B29: 0 | C29: 0 | D29: 0 | E29: 0 | F29: 0.5 | G29: 0.5 | H29: 0.5 | I29: 0 | J29: 0.5 | K29: 0.5 | L29: 0.5 | M29: 0.5 | N29: 0.5 | O29: 0 | P29: 0.5 | Q29: 0.5 | R29: 0.5 | S29: 0 | T29: 0.5 | U29: 0 | V29: 0 | W29: 0.5 | X29: 0.5 | Y29: 0.5 | Z29: 0 | AA29: 0 | AB29: 0.5 | AC29: 0.5 | AD29: 0.5 | AE29: 0.5 | AF29: 0.5 | AG29: 0.5 | AH29: 0.5 | AI29: 0 | AJ29: 0 | AK29: 0 | AL29: 0 | AM29: 0.5 | AN29: 0
A32: Russia | B32: Armenia | C32: Austria | D32: Azerbaijan | E32: Belarus | F32: Belgium | G32: Bulgaria | H32: Croatia | I32: Cyprus | J32: Czech | K32: Denmark | L32: Estonia | M32: Finland | N32: France | O32: Georgia | P32: Germany | Q32: Greece | R32: Hungary | S32: Ireland | T32: Italy | U32: Kazakhstan | V32: Kyrgyzstan | W32: latvia | X32: Lithuania | Y32: Luxembourg | Z32: Malta | AA32: Moldova | AB32: Netherlands | AC32: Poland | AD32: Portugal | AE32: Romania | AF32: Slovakia | AG32: Slovenia | AH32: Spain | AI32: Sweden | AJ32: Tajikistan | AK32: Turkmenistan | AL32: Ukraine | AM32: UK | AN32: Uzbekistan
A33: 1991
A34: 1992
A35: 1993
A36: 1994
A37: 1995
A38: 1996
A39: 1997
A40: 1998
A41: 1999
A42: 2000 | B42: 1 | C42: 0 | D42: 1 | E42: 1 | F42: 0.5 | G42: 0 | H42: 0 | I42: 0.5 | J42: 0 | K42: 0 | L42: 0 | M42: 0.5 | N42: 1 | O42: 1 | P42: 1 | Q42: 0.5 | R42: 0 | S42: 0 | T42: 1 | U42: 1 | V42: 1 | W42: 0 | X42: 0 | Y42: 0 | Z42: 0 | AA42: 1 | AB42: 0 | AC42: 0.5 | AD42: 0 | AE42: 0 | AF42: 0 | AG42: 0 | AH42: 0.5 | AI42: 0.5 | AJ42: 1 | AK42: 1 | AL42: 1 | AM42: 1 | AN42: 1
A43: 2001 | B43: 1 | C43: 0.5 | D43: 1 | E43: 1 | F43: 0.5 | G43: 0 | H43: 0 | I43: 0 | J43: 0 | K43: 0 | L43: 0 | M43: 0.5 | N43: 1 | O43: 1 | P43: 1 | Q43: 0.5 | R43: 0 | S43: 0 | T43: 0.5 | U43: 1 | V43: 1 | W43: 0.5 | X43: 0.5 | Y43: 0 | Z43: 0 | AA43: 1 | AB43: 0.5 | AC43: 1 | AD43: 0.5 | AE43: 0 | AF43: 1 | AG43: 1 | AH43: 0.5 | AI43: 0.5 | AJ43: 1 | AK43: 0 | AL43: 1 | AM43: 1 | AN43: 1
A44: 2002 | B44: 1 | C44: 0 | D44: 1 | E44: 1 | F44: 0.5 | G44: 0.5 | H44: 0.5 | I44: 0 | J44: 0 | K44: 0.5 | L44: 0 | M44: 1 | N44: 1 | O44: 1 | P44: 1 | Q44: 0 | R44: 0.5 | S44: 0 | T44: 0.5 | U44: 1 | V44: 1 | W44: 0 | X44: 0 | Y44: 0.5 | Z44: 0 | AA44: 1 | AB44: 0 | AC44: 1 | AD44: 0 | AE44: 0 | AF44: 0.5 | AG44: 0.5 | AH44: 0.5 | AI44: 0.5 | AJ44: 1 | AK44: 1 | AL44: 1 | AM44: 1 | AN44: 1
A45: 2003 | B45: 1 | C45: 0 | D45: 0 | E45: 1 | F45: 0 | G45: 1 | H45: 0.5 | I45: 0 | J45: 0.5 | K45: 0 | L45: 0.5 | M45: 0 | N45: 1 | O45: 0.5 | P45: 1 | Q45: 0 | R45: 0.5 | S45: 0 | T45: 1 | U45: 1 | V45: 1 | W45: 0 | X45: 0 | Y45: 0 | Z45: 0 | AA45: 1 | AB45: 0 | AC45: 0.5 | AD45: 0 | AE45: 0.5 | AF45: 0 | AG45: 0 | AH45: 0 | AI45: 0 | AJ45: 1 | AK45: 0.5 | AL45: 1 | AM45: 1 | AN45: 1
A46: 2004 | B46: 1 | C46: 0.5 | D46: 1 | E46: 1 | F46: 0 | G46: 0.5 | H46: 0 | I46: 0 | J46: 0 | K46: 0 | L46: 0 | M46: 0.5 | N46: 1 | O46: 0.5 | P46: 1 | Q46: 0.5 | R46: 0 | S46: 0 | T46: 0 | U46: 1 | V46: 1 | W46: 0 | X46: 0 | Y46: 0.5 | Z46: 0 | AA46: 0.5 | AB46: 0.5 | AC46: 0.5 | AD46: 0.5 | AE46: 0 | AF46: 0 | AG46: 0 | AH46: 0 | AI46: 0 | AJ46: 1 | AK46: 0 | AL46: 1 | AM46: 0.5 | AN46: 1
A47: 2005 | B47: 1 | C47: 0 | D47: 1 | E47: 1 | F47: 0.5 | G47: 0 | H47: 0 | I47: 0 | J47: 0 | K47: 0 | L47: 0.5 | M47: 1 | N47: 1 | O47: 0 | P47: 1 | Q47: 0.5 | R47: 0 | S47: 0 | T47: 0 | U47: 1 | V47: 1 | W47: 0 | X47: 0 | Y47: 0 | Z47: 0 | AA47: 0 | AB47: 0.5 | AC47: 0.5 | AD47: 0 | AE47: 0.5 | AF47: 0.5 | AG47: 0 | AH47: 0.5 | AI47: 0 | AJ47: 1 | AK47: 0 | AL47: 1 | AM47: 1 | AN47: 1
A48: 2006 | B48: 1 | C48: 0 | D48: 1 | E48: 1 | F48: 0 | G48: 0.5 | H48: 0 | I48: 0.5 | J48: 0.5 | K48: 0 | L48: 0 | M48: 1 | N48: 1 | O48: 0.5 | P48: 1 | Q48: 0.5 | R48: 1 | S48: 0 | T48: 0 | U48: 1 | V48: 1 | W48: 0 | X48: 0 | Y48: 0 | Z48: 0 | AA48: 1 | AB48: 0 | AC48: 0 | AD48: 0 | AE48: 0 | AF48: 0.5 | AG48: 0 | AH48: 1 | AI48: 0 | AJ48: 0 | AK48: 0.5 | AL48: 1 | AM48: 0.5 | AN48: 1
A49: 2007 | B49: 1 | C49: 0.5 | D49: 1 | E49: 0.5 | F49: 1 | G49: 0.5 | H49: 0.5 | I49: 0 | J49: 0.5 | K49: 0 | L49: 0 | M49: 0 | N49: 0.5 | O49: 0.5 | P49: 1 | Q49: 0.5 | R49: 0.5 | S49: 0 | T49: 0.5 | U49: 1 | V49: 1 | W49: 0 | X49: 0 | Y49: 0.5 | Z49: 0 | AA49: 1 | AB49: 0.5 | AC49: 0 | AD49: 0.5 | AE49: 0 | AF49: 0 | AG49: 0 | AH49: 0 | AI49: 0 | AJ49: 0.5 | AK49: 1 | AL49: 1 | AM49: 0 | AN49: 1
A50: 2008 | B50: 1 | C50: 0 | D50: 1 | E50: 1 | F50: 0 | G50: 0.5 | H50: 0 | I50: 0.5 | J50: 0 | K50: 0 | L50: 0.5 | M50: 0.5 | N50: 1 | O50: 1 | P50: 1 | Q50: 1 | R50: 0 | S50: 0 | T50: 1 | U50: 1 | V50: 1 | W50: 0 | X50: 0 | Y50: 0.5 | Z50: 0 | AA50: 1 | AB50: 0 | AC50: 0 | AD50: 0.5 | AE50: 0.5 | AF50: 0 | AG50: 0.5 | AH50: 0.5 | AI50: 0 | AJ50: 1 | AK50: 1 | AL50: 1 | AM50: 0.5 | AN50: 1
A51: 2009 | B51: 1 | C51: 0.5 | D51: 1 | E51: 1 | F51: 0 | G51: 0.5 | H51: 0.5 | I51: 0 | J51: 1 | K51: 1 | L51: 0 | M51: 1 | N51: 0.5 | O51: 0 | P51: 1 | Q51: 0 | R51: 0.5 | S51: 0 | T51: 1 | U51: 1 | V51: 1 | W51: 0 | X51: 0 | Y51: 0 | Z51: 0 | AA51: 1 | AB51: 0.5 | AC51: 0 | AD51: 0 | AE51: 0 | AF51: 0 | AG51: 0.5 | AH51: 0.5 | AI51: 0.5 | AJ51: 1 | AK51: 1 | AL51: 0 | AM51: 1 | AN51: 1
A52: 2010 | B52: 1 | C52: 0 | D52: 1 | E52: 1 | F52: 0.5 | G52: 0 | H52: 0 | I52: 0.5 | J52: 0.5 | K52: 0.5 | L52: 0 | M52: 1 | N52: 1 | O52: 0 | P52: 1 | Q52: 0.5 | R52: 0 | S52: 0.5 | T52: 0.5 | U52: 1 | V52: 1 | W52: 0.5 | X52: 0 | Y52: 0.5 | Z52: 0 | AA52: 0.5 | AB52: 0 | AC52: 1 | AD52: 0.5 | AE52: 0 | AF52: 0.5 | AG52: 0.5 | AH52: 0 | AI52: 0.5 | AJ52: 1 | AK52: 1 | AL52: 1 | AM52: 0.5 | AN52: 1
A53: 2011 | B53: 1 | C53: 0.5 | D53: 1 | E53: 1 | F53: 1 | G53: 0 | H53: 0 | I53: 0 | J53: 0.5 | K53: 0 | L53: 0 | M53: 0.5 | N53: 1 | O53: 0 | P53: 1 | Q53: 0 | R53: 0 | S53: 0 | T53: 0.5 | U53: 1 | V53: 1 | W53: 0 | X53: 0 | Y53: 0 | Z53: 0 | AA53: 0.5 | AB53: 0.5 | AC53: 0.5 | AD53: 0 | AE53: 0 | AF53: 0 | AG53: 0.5 | AH53: 0.5 | AI53: 0 | AJ53: 1 | AK53: 1 | AL53: 1 | AM53: 1 | AN53: 1
... A60: 2018 | B60: 0.5 | C60: 0.5 | D60: 1 | E60: 1 | F60: 0.5 | G60: 0.5 | H60: 0.5 | I60: 0 | J60: 0 | K60: 0 | L60: 0 | M60: 1 | N60: 1 | O60: 0 | P60: 1 | Q60: 0.5 | R60: 1 | S60: 0 | T60: 0.5 | U60: 1 | V60: 1 | W60: 0 | X60: 0 | Y60: 0 | Z60: 0 | AA60: 1 | AB60: 0 | AC60: 0 | AD60: 0.5 | AE60: 0 | AF60: 0 | AG60: 0 | AH60: 0 | AI60: 0 | AJ60: 1 | AK60: 0.5 | AL60: 0 | AM60: 0 | AN60: 1
A63: China | B63: Armenia | C63: Austria | D63: Azerbaijan | E63: Belarus | F63: Belgium | G63: Bulgaria | H63: Croatia | I63: Cyprus | J63: Czech | K63: Denmark | L63: Estonia | M63: Finland | N63: France | O63: Georgia | P63: Germany | Q63: Greece | R63: Hungary | S63: Ireland | T63: Italy | U63: Kazakhstan | V63: Kyrgyzstan | W63: latvia | X63: Lithuania | Y63: Luxembourg | Z63: Malta | AA63: Moldova | AB63: Netherlands | AC63: Poland | AD63: Portugal | AE63: Romania | AF63: Slovakia | AG63: Slovenia | AH63: Spain | AI63: Sweden | AJ63: Tajikistan | AK63: Turkmenistan | AL63: Ukraine | AM63: UK | AN63: Uzbekistan
A64: 1991
A65: 1992
A66: 1993
A67: 1994
A68: 1995
A69: 1996
A70: 1997
A71: 1998
A72: 1999
A73: 2000
A74: 2001
A75: 2002
A76: 2003 | B76: 0 | C76: 0 | D76: 0 | E76: 0 | F76: 0 | G76: 0 | H76: 0 | I76: 0 | J76: 0 | K76: 0 | L76: 0 | M76: 0 | N76: 0 | O76: 0 | P76: 0.5 | Q76: 0 | R76: 0 | S76: 0.5 | T76: 0 | U76: 0.5 | V76: 0 | W76: 0 | X76: 0 | Y76: 0 | Z76: 0 | AA76: 0 | AB76: 0 | AC76: 0 | AD76: 0 | AE76: 0.5 | AF76: 0 | AG76: 0 | AH76: 0 | AI76: 0 | AJ76: 0 | AK76: 0 | AL76: 0 | AM76: 0.5 | AN76: 0
A77: 2004 | B77: 0.5 | C77: 0 | D77: 0 | E77: 0 | F77: 0 | G77: 0 | H77: 0 | I77: 0 | J77: 0.5 | K77: 0.5 | L77: 0 | M77: 0 | N77: 1 | O77: 0 | P77: 0 | Q77: 0 | R77: 0.5 | S77: 0 | T77: 0.5 | U77: 1 | V77: 0.5 | W77: 0.5 | X77: 0 | Y77: 0 | Z77: 0 | AA77: 0 | AB77: 0.5 | AC77: 0.5 | AD77: 0 | AE77: 0.5 | AF77: 0 | AG77: 0 | AH77: 0 | AI77: 0 | AJ77: 0.5 | AK77: 0 | AL77: 0 | AM77: 0 | AN77: 0.5
A78: 2005 | B78: 0 | C78: 0 | D78: 0 | E78: 0.5 | F78: 0 | G78: 0 | H78: 0 | I78: 0 | J78: 0 | K78: 0 | L78: 0.5 | M78: 0 | N78: 1 | O78: 0 | P78: 1 | Q78: 0 | R78: 0 | S78: 0 | T78: 0 | U78: 0.5 | V78: 0.5 | W78: 0 | X78: 0 | Y78: 0 | Z78: 0 | AA78: 0 | AB78: 0 | AC78: 0 | AD78: 0.5 | AE78: 0.5 | AF78: 0 | AG78: 0 | AH78: 0.5 | AI78: 0.5 | AJ78: 1 | AK78: 0.5 | AL78: 0 | AM78: 1 | AN78: 1
A79: 2006 | B79: 0 | C79: 0 | D79: 0 | E79: 0 | F79: 0 | G79: 0 | H79: 0 | I79: 0.5 | J79: 0 | K79: 0 | L79: 0 | M79: 0 | N79: 1 | O79: 0 | P79: 0.5 | Q79: 0.5 | R79: 0 | S79: 0 | T79: 0 | U79: 0.5 | V79: 0.5 | W79: 0 | X79: 0.5 | Y79: 0 | Z79: 0 | AA79: 0 | AB79: 0 | AC79: 0 | AD79: 0 | AE79: 0.5 | AF79: 0 | AG79: 0 | AH79: 0 | AI79: 0 | AJ79: 0.5 | AK79: 0.5 | AL79: 0 | AM79: 0 | AN79: 0.5
A80: 2007 | B80: 0 | C80: 0 | D80: 0 | E80: 0 | F80: 0 | G80: 0 | H80: 0 | I80: 0 | J80: 0 | K80: 0 | L80: 0 | M80: 0 | N80: 1 | O80: 0 | P80: 1 | Q80: 0 | R80: 0 | S80: 0 | T80: 0 | U80: 0.5 | V80: 0.5 | W80: 0 | X80: 0 | Y80: 0 | Z80: 0 | AA80: 0 | AB80: 0 | AC80: 0 | AD80: 0 | AE80: 0 | AF80: 0 | AG80: 0 | AH80: 0 | AI80: 0.5 | AJ80: 0.5 | AK80: 0.5 | AL80: 0 | AM80: 0 | AN80: 0.5
A81: 2008 | B81: 0 | C81: 0 | D81: 0 | E81: 0 | F81: 0 | G81: 0.5 | H81: 0 | I81: 0.5 | J81: 0 | K81: 0 | L81: 0 | M81: 0.5 | N81: 0.5 | O81: 0 | P81: 0 | Q81: 0.5 | R81: 0 | S81: 0 | T81: 0 | U81: 1 | V81: 0.5 | W81: 0.5 | X81: 0 | Y81: 0 | Z81: 0 | AA81: 0 | AB81: 0.5 | AC81: 0 | AD81: 0 | AE81: 0 | AF81: 0.5 | AG81: 0 | AH81: 0 | AI81: 0.5 | AJ81: 0.5 | AK81: 0 | AL81: 0 | AM81: 1 | AN81: 0.5
A82: 2009 | B82: 0 | C82: 0 | D82: 0 | E82: 0 | F82: 0 | G82: 0 | H82: 0.5 | I82: 0 | J82: 0 | K82: 0 | L82: 0 | M82: 0 | N82: 1 | O82: 0 | P82: 0 | Q82: 0 | R82: 0 | S82: 0 | T82: 0.5 | U82: 1 | V82: 0.5 | W82: 0 | X82: 0 | Y82: 0 | Z82: 0 | AA82: 0 | AB82: 0 | AC82: 0 | AD82: 0 | AE82: 0 | AF82: 0.5 | AG82: 0 | AH82: 0 | AI82: 0.5 | AJ82: 0.5 | AK82: 0.5 | AL82: 0 | AM82: 0.5 | AN82: 1
A83: 2010 | B83: 0 | C83: 0.5 | D83: 0 | E83: 0.5 | F83: 0 | G83: 0 | H83: 0 | I83: 0 | J83: 0 | K83: 0 | L83: 0 | M83: 0 | N83: 1 | O83: 0 | P83: 0 | Q83: 0 | R83: 0 | S83: 0 | T83: 0.5 | U83: 0.5 | V83: 0 | W83: 0 | X83: 0 | Y83: 0 | Z83: 0 | AA83: 0 | AB83: 0 | AC83: 0 | AD83: 0.5 | AE83: 0 | AF83: 0 | AG83: 0 | AH83: 0 | AI83: 0 | AJ83: 0.5 | AK83: 0.5 | AL83: 0 | AM83: 1 | AN83: 0.5
A84: 2011 | B84: 0 | C84: 0.5 | D84: 0 | E84: 0 | F84: 0 | G84: 0 | H84: 0 | I84: 0.5 | J84: 0 | K84: 0 | L84: 0 | M84: 0 | N84: 1 | O84: 0 | P84: 0 | Q84: 0 | R84: 0 | S84: 0 | T84: 0 | U84: 1 | V84: 0.5 | W84: 0 | X84: 0.5 | Y84: 0 | Z84: 0 | AA84: 0 | AB84: 0 | AC84: 0.5 | AD84: 0 | AE84: 0 | AF84: 0 | AG84: 0 | AH84: 0 | AI84: 0 | AJ84: 0.5 | AK84: 0.5 | AL84: 0.5 | AM84: 0 | AN84: 0.5
A85: 2012 | B85: 0 | C85: 0 | D85: 0 | E85: 0 | F85: 0 | G85: 0 | H85: 0 | I85: 0 | J85: 0 | K85: 0.5 | L85: 0 | M85: 0 | N85: 0.5 | O85: 0 | P85: 1 | Q85: 0 | R85: 0 | S85: 0.5 | T85: 0 | U85: 0.5 | V85: 0.5 | W85: 0 | X85: 0 | Y85: 0 | Z85: 0 | AA85: 0 | AB85: 0 | AC85: 0 | AD85: 0 | AE85: 0 | AF85: 0 | AG85: 0 | AH85: 0 | AI85: 0 | AJ85: 0.5 | AK85: 0 | AL85: 0 | AM85: 0 | AN85: 0.5
A86: 2013 | B86: 0 | C86: 0 | D86: 0 | E86: 0.5 | F86: 0 | G86: 0 | H86: 0 | I86: 0 | J86: 0 | K86: 0 | L86: 0 | M86: 0.5 | N86: 0.5 | O86: 0 | P86: 0.5 | Q86: 0.5 | R86: 0 | S86: 0 | T86: 0 | U86: 1 | V86: 0.5 | W86: 0 | X86: 0 | Y86: 0 | Z86: 0 | AA86: 0 | AB86: 0 | AC86: 0 | AD86: 0 | AE86: 0 | AF86: 0 | AG86: 0 | AH86: 0 | AI86: 0 | AJ86: 0.5 | AK86: 1 | AL86: 0.5 | AM86: 0.5 | AN86: 0.5
A87: 2014 | B87: 0 | C87: 0 | D87: 0 | E87: 0 | F87: 0.5 | G87: 0 | H87: 0 | I87: 0 | J87: 1 | K87: 0.5 | L87: 0 | M87: 0 | N87: 1 | O87: 0 | P87: 1 | Q87: 0.5 | R87: 0 | S87: 0.5 | T87: 0 | U87: 0.5 | V87: 0.5 | W87: 0 | X87: 0 | Y87: 0 | Z87: 0 | AA87: 0 | AB87: 0.5 | AC87: 0 | AD87: 0 | AE87: 0 | AF87: 0 | AG87: 0 | AH87: 0 | AI87: 0 | AJ87: 0.5 | AK87: 0.5 | AL87: 0 | AM87: 0.5 | AN87: 0.5
... A91: 2018 | B91: 0 | C91: 0.5 | D91: 0 | E91: 0.5 | F91: 0 | G91: 0 | H91: 0 | I91: 0 | J91: 0 | K91: 0 | L91: 0 | M91: 0 | N91: 0.5 | O91: 0 | P91: 0.5 | Q91: 0 | R91: 0 | S91: 0 | T91: 0 | U91: 0 | V91: 0.5 | W91: 0 | X91: 0 | Y91: 0 | Z91: 0 | AA91: 0 | AB91: 0.5 | AC91: 0 | AD91: 0.5 | AE91: 0 | AF91: 0 | AG91: 0 | AH91: 0 | AI91: 0 | AJ91: 0.5 | AK91: 0 | AL91: 0 | AM91: 0.5 | AN91: 0
